entry_id,batch_id,transaction_date,period,entity_id,source_system,legacy_gl_code,legacy_gl_description,currency,debit_amount,credit_amount,net_amount,description
GL-0000001,BAT-202401-DURA_US-01,2024-01-28,2024-01,DURA_US,SAP,GL_AR_110010,Trade Accounts Receivable Commercial,USD,3537019.75,0.00,3537019.75,Commercial Invoicing & Billing
GL-0000002,BAT-202401-DURA_US-01,2024-01-28,2024-01,DURA_US,SAP,GL_REV_400010,Gross Revenue Industrial Sales,USD,0.00,3537019.75,-3537019.75,Core Operating Revenue Earned
GL-0000003,BAT-202401-DURA_US-02,2024-01-28,2024-01,DURA_US,SAP,GL_CASH_100010,JPMorgan Treasury Operating Checking,USD,3360168.76,0.00,3360168.76,Cash Collections from Customers
GL-0000004,BAT-202401-DURA_US-02,2024-01-28,2024-01,DURA_US,SAP,GL_AR_110010,Trade Accounts Receivable Commercial,USD,0.00,3360168.76,-3360168.76,AR Settlement from Collections
GL-0000005,BAT-202401-DURA_US-03,2024-01-28,2024-01,DURA_US,SAP,GL_COGS_500010,Direct Manufacturing Material & Labor,USD,1627029.09,0.00,1627029.09,Direct Cost of Goods & Services Delivered
GL-0000006,BAT-202401-DURA_US-03,2024-01-28,2024-01,DURA_US,SAP,GL_AP_200010,Trade Accounts Payable Vendors,USD,0.00,1627029.09,-1627029.09,Vendor Invoices Received
GL-0000007,BAT-202401-DURA_US-04,2024-01-28,2024-01,DURA_US,SAP,GL_AP_200010,Trade Accounts Payable Vendors,USD,1464326.18,0.00,1464326.18,Vendor AP Disbursed
GL-0000008,BAT-202401-DURA_US-04,2024-01-28,2024-01,DURA_US,SAP,GL_CASH_100010,JPMorgan Treasury Operating Checking,USD,0.00,1464326.18,-1464326.18,Operating Cash Disbursed for Direct COGS
GL-0000009,BAT-202401-DURA_US-05,2024-01-28,2024-01,DURA_US,SAP,GL_OPEX_600010,SG&A Operating Overhead & Payroll,USD,806610.00,0.00,806610.00,"SG&A Payroll, Overhead & Admin Expenses"
GL-0000010,BAT-202401-DURA_US-05,2024-01-28,2024-01,DURA_US,SAP,GL_CASH_100010,JPMorgan Treasury Operating Checking,USD,0.00,806610.00,-806610.00,Cash Disbursement for SG&A
GL-0000011,BAT-202401-DURA_US-06,2024-01-28,2024-01,DURA_US,SAP,GL_DA_700010,Plant & Machinery Depreciation,USD,120000.00,0.00,120000.00,Monthly Depreciation & Amortization
GL-0000012,BAT-202401-DURA_US-06,2024-01-28,2024-01,DURA_US,SAP,GL_EQ_300010,Retained Earnings & Contributed Surplus,USD,0.00,120000.00,-120000.00,Accumulated Depreciation / Reserve Allocation
GL-0000013,BAT-202401-DURA_US-07,2024-01-28,2024-01,DURA_US,SAP,GL_INT_800010,Senior Facility Interest Expense,USD,312500.00,0.00,312500.00,Senior Facility Monthly Interest Charge
GL-0000014,BAT-202401-DURA_US-07,2024-01-28,2024-01,DURA_US,SAP,GL_DEBT_250010,Senior Secured Term Loan Principal,USD,400000.00,0.00,400000.00,Senior Debt Principal Amortization
GL-0000015,BAT-202401-DURA_US-07,2024-01-28,2024-01,DURA_US,SAP,GL_CASH_100010,JPMorgan Treasury Operating Checking,USD,0.00,712500.00,-712500.00,Cash Wire for Scheduled Debt Service
GL-0000016,BAT-202401-MED_UK-01,2024-01-28,2024-01,MED_UK,NetSuite,AR-CUSTOMERS,B2B Subscription Receivables Control,GBP,1774800.77,0.00,1774800.77,Commercial Invoicing & Billing
GL-0000017,BAT-202401-MED_UK-01,2024-01-28,2024-01,MED_UK,NetSuite,REV-SUB-ARR,SaaS Subscription ARR Recurring Revenue,GBP,0.00,1774800.77,-1774800.77,Core Operating Revenue Earned
GL-0000018,BAT-202401-MED_UK-02,2024-01-28,2024-01,MED_UK,NetSuite,CASH-BARCLAYS-GBP,Barclays Commercial Operating Account,GBP,1686060.73,0.00,1686060.73,Cash Collections from Customers
GL-0000019,BAT-202401-MED_UK-02,2024-01-28,2024-01,MED_UK,NetSuite,AR-CUSTOMERS,B2B Subscription Receivables Control,GBP,0.00,1686060.73,-1686060.73,AR Settlement from Collections
GL-0000020,BAT-202401-MED_UK-03,2024-01-28,2024-01,MED_UK,NetSuite,COGS-HOST-AWS,AWS Hosting & Direct Infrastructure,GBP,567936.25,0.00,567936.25,Direct Cost of Goods & Services Delivered
GL-0000021,BAT-202401-MED_UK-03,2024-01-28,2024-01,MED_UK,NetSuite,AP-VENDORS,Trade Accounts Payable Vendor Ledger,GBP,0.00,567936.25,-567936.25,Vendor Invoices Received
GL-0000022,BAT-202401-MED_UK-04,2024-01-28,2024-01,MED_UK,NetSuite,AP-VENDORS,Trade Accounts Payable Vendor Ledger,GBP,511142.62,0.00,511142.62,Vendor AP Disbursed
GL-0000023,BAT-202401-MED_UK-04,2024-01-28,2024-01,MED_UK,NetSuite,CASH-BARCLAYS-GBP,Barclays Commercial Operating Account,GBP,0.00,511142.62,-511142.62,Operating Cash Disbursed for Direct COGS
GL-0000024,BAT-202401-MED_UK-05,2024-01-28,2024-01,MED_UK,NetSuite,OPEX-SALES-MKTG,"Sales, Marketing, R&D and Admin",GBP,631260.00,0.00,631260.00,"SG&A Payroll, Overhead & Admin Expenses"
GL-0000025,BAT-202401-MED_UK-05,2024-01-28,2024-01,MED_UK,NetSuite,CASH-BARCLAYS-GBP,Barclays Commercial Operating Account,GBP,0.00,631260.00,-631260.00,Cash Disbursement for SG&A
GL-0000026,BAT-202401-MED_UK-06,2024-01-28,2024-01,MED_UK,NetSuite,DA-SERVER-AMORT,Capitalized Software Amortization,GBP,75000.00,0.00,75000.00,Monthly Depreciation & Amortization
GL-0000027,BAT-202401-MED_UK-06,2024-01-28,2024-01,MED_UK,NetSuite,EQ-COMMON-CAP,Common Equity & Retained Earnings,GBP,0.00,75000.00,-75000.00,Accumulated Depreciation / Reserve Allocation
GL-0000028,BAT-202401-MED_UK-07,2024-01-28,2024-01,MED_UK,NetSuite,FIN-TERM-INT,Growth Debt Monthly Interest Charge,GBP,135416.67,0.00,135416.67,Senior Facility Monthly Interest Charge
GL-0000029,BAT-202401-MED_UK-07,2024-01-28,2024-01,MED_UK,NetSuite,DEBT-SENIOR-FAC,Syndicated Senior Debt Tranche,GBP,180000.00,0.00,180000.00,Senior Debt Principal Amortization
GL-0000030,BAT-202401-MED_UK-07,2024-01-28,2024-01,MED_UK,NetSuite,CASH-BARCLAYS-GBP,Barclays Commercial Operating Account,GBP,0.00,315416.67,-315416.67,Cash Wire for Scheduled Debt Service
GL-0000031,BAT-202401-LOGI_EU-01,2024-01-28,2024-01,LOGI_EU,Dynamics365,1400_FORDERUNGEN,Forderungen aus Lieferungen und Leistungen,EUR,2589603.05,0.00,2589603.05,Commercial Invoicing & Billing
GL-0000032,BAT-202401-LOGI_EU-01,2024-01-28,2024-01,LOGI_EU,Dynamics365,4400_ERLOESE,Erlöse aus Logistikdienstleistungen,EUR,0.00,2589603.05,-2589603.05,Core Operating Revenue Earned
GL-0000033,BAT-202401-LOGI_EU-02,2024-01-28,2024-01,LOGI_EU,Dynamics365,1200_BANK_EUR,Deutsche Bank Geschäftsguthaben,EUR,2460122.90,0.00,2460122.90,Cash Collections from Customers
GL-0000034,BAT-202401-LOGI_EU-02,2024-01-28,2024-01,LOGI_EU,Dynamics365,1400_FORDERUNGEN,Forderungen aus Lieferungen und Leistungen,EUR,0.00,2460122.90,-2460122.90,AR Settlement from Collections
GL-0000035,BAT-202401-LOGI_EU-03,2024-01-28,2024-01,LOGI_EU,Dynamics365,5400_WARENEINSATZ,Aufwendungen für Frachten & Treibstoff,EUR,1243009.46,0.00,1243009.46,Direct Cost of Goods & Services Delivered
GL-0000036,BAT-202401-LOGI_EU-03,2024-01-28,2024-01,LOGI_EU,Dynamics365,3300_VERBINDLICHKEITEN,Verbindlichkeiten aus Lieferungen,EUR,0.00,1243009.46,-1243009.46,Vendor Invoices Received
GL-0000037,BAT-202401-LOGI_EU-04,2024-01-28,2024-01,LOGI_EU,Dynamics365,3300_VERBINDLICHKEITEN,Verbindlichkeiten aus Lieferungen,EUR,1118708.51,0.00,1118708.51,Vendor AP Disbursed
GL-0000038,BAT-202401-LOGI_EU-04,2024-01-28,2024-01,LOGI_EU,Dynamics365,1200_BANK_EUR,Deutsche Bank Geschäftsguthaben,EUR,0.00,1118708.51,-1118708.51,Operating Cash Disbursed for Direct COGS
GL-0000039,BAT-202401-LOGI_EU-05,2024-01-28,2024-01,LOGI_EU,Dynamics365,6200_PERSONALAUFWAND,Personalaufwand und allgemeine Verwaltung,EUR,651300.00,0.00,651300.00,"SG&A Payroll, Overhead & Admin Expenses"
GL-0000040,BAT-202401-LOGI_EU-05,2024-01-28,2024-01,LOGI_EU,Dynamics365,1200_BANK_EUR,Deutsche Bank Geschäftsguthaben,EUR,0.00,651300.00,-651300.00,Cash Disbursement for SG&A
GL-0000041,BAT-202401-LOGI_EU-06,2024-01-28,2024-01,LOGI_EU,Dynamics365,6500_ABSCHREIBUNGEN,Abschreibungen auf Fuhrpark und Logistik,EUR,90000.00,0.00,90000.00,Monthly Depreciation & Amortization
GL-0000042,BAT-202401-LOGI_EU-06,2024-01-28,2024-01,LOGI_EU,Dynamics365,2000_EIGENKAPITAL,Gezeichnetes Kapital und Rücklagen,EUR,0.00,90000.00,-90000.00,Accumulated Depreciation / Reserve Allocation
GL-0000043,BAT-202401-LOGI_EU-07,2024-01-28,2024-01,LOGI_EU,Dynamics365,7300_ZINSAUFWAND,Zinsaufwendungen für Darlehen,EUR,169166.67,0.00,169166.67,Senior Facility Monthly Interest Charge
GL-0000044,BAT-202401-LOGI_EU-07,2024-01-28,2024-01,LOGI_EU,Dynamics365,0630_ANLEIHEN,Langfristige Bankverbindlichkeiten,EUR,250000.00,0.00,250000.00,Senior Debt Principal Amortization
GL-0000045,BAT-202401-LOGI_EU-07,2024-01-28,2024-01,LOGI_EU,Dynamics365,1200_BANK_EUR,Deutsche Bank Geschäftsguthaben,EUR,0.00,419166.67,-419166.67,Cash Wire for Scheduled Debt Service
GL-0000046,BAT-202401-RETAIL_US-01,2024-01-28,2024-01,RETAIL_US,QuickBooks,120_Accounts_Receivable,Trade Accounts Receivable Control,USD,1192714.12,0.00,1192714.12,Commercial Invoicing & Billing
GL-0000047,BAT-202401-RETAIL_US-01,2024-01-28,2024-01,RETAIL_US,QuickBooks,401_Merch_Sales,Omnichannel Merchandise Sales,USD,0.00,1192714.12,-1192714.12,Core Operating Revenue Earned
GL-0000048,BAT-202401-RETAIL_US-02,2024-01-28,2024-01,RETAIL_US,QuickBooks,101_Operating_Checking,Chase Commercial Operating Account,USD,1133078.41,0.00,1133078.41,Cash Collections from Customers
GL-0000049,BAT-202401-RETAIL_US-02,2024-01-28,2024-01,RETAIL_US,QuickBooks,120_Accounts_Receivable,Trade Accounts Receivable Control,USD,0.00,1133078.41,-1133078.41,AR Settlement from Collections
GL-0000050,BAT-202401-RETAIL_US-03,2024-01-28,2024-01,RETAIL_US,QuickBooks,501_Cost_Goods_Sold,Cost of Goods Sold & Direct Freight,USD,524794.21,0.00,524794.21,Direct Cost of Goods & Services Delivered
GL-0000051,BAT-202401-RETAIL_US-03,2024-01-28,2024-01,RETAIL_US,QuickBooks,201_Accounts_Payable,Vendor Accounts Payable Control,USD,0.00,524794.21,-524794.21,Vendor Invoices Received
GL-0000052,BAT-202401-RETAIL_US-04,2024-01-28,2024-01,RETAIL_US,QuickBooks,201_Accounts_Payable,Vendor Accounts Payable Control,USD,472314.79,0.00,472314.79,Vendor AP Disbursed
GL-0000053,BAT-202401-RETAIL_US-04,2024-01-28,2024-01,RETAIL_US,QuickBooks,101_Operating_Checking,Chase Commercial Operating Account,USD,0.00,472314.79,-472314.79,Operating Cash Disbursed for Direct COGS
GL-0000054,BAT-202401-RETAIL_US-05,2024-01-28,2024-01,RETAIL_US,QuickBooks,601_Payroll_SG&A,"Store Payroll, Marketing, & Rent",USD,336672.00,0.00,336672.00,"SG&A Payroll, Overhead & Admin Expenses"
GL-0000055,BAT-202401-RETAIL_US-05,2024-01-28,2024-01,RETAIL_US,QuickBooks,101_Operating_Checking,Chase Commercial Operating Account,USD,0.00,336672.00,-336672.00,Cash Disbursement for SG&A
GL-0000056,BAT-202401-RETAIL_US-06,2024-01-28,2024-01,RETAIL_US,QuickBooks,680_Depreciation,Depreciation on Store Fixtures,USD,45000.00,0.00,45000.00,Monthly Depreciation & Amortization
GL-0000057,BAT-202401-RETAIL_US-06,2024-01-28,2024-01,RETAIL_US,QuickBooks,301_Owners_Equity,Shareholder Equity & Retained Earnings,USD,0.00,45000.00,-45000.00,Accumulated Depreciation / Reserve Allocation
GL-0000058,BAT-202401-RETAIL_US-07,2024-01-28,2024-01,RETAIL_US,QuickBooks,701_Interest_Expense,Revolver & Term Interest Expense,USD,100000.00,0.00,100000.00,Senior Facility Monthly Interest Charge
GL-0000059,BAT-202401-RETAIL_US-07,2024-01-28,2024-01,RETAIL_US,QuickBooks,270_Note_Payable,Asset-Based Term Loan Principal,USD,100000.00,0.00,100000.00,Senior Debt Principal Amortization
GL-0000060,BAT-202401-RETAIL_US-07,2024-01-28,2024-01,RETAIL_US,QuickBooks,101_Operating_Checking,Chase Commercial Operating Account,USD,0.00,200000.00,-200000.00,Cash Wire for Scheduled Debt Service
GL-0000061,BAT-202402-DURA_US-01,2024-02-28,2024-02,DURA_US,SAP,GL_AR_110010,Trade Accounts Receivable Commercial,USD,3656480.97,0.00,3656480.97,Commercial Invoicing & Billing
GL-0000062,BAT-202402-DURA_US-01,2024-02-28,2024-02,DURA_US,SAP,GL_REV_400010,Gross Revenue Industrial Sales,USD,0.00,3656480.97,-3656480.97,Core Operating Revenue Earned
GL-0000063,BAT-202402-DURA_US-02,2024-02-28,2024-02,DURA_US,SAP,GL_CASH_100010,JPMorgan Treasury Operating Checking,USD,3473656.92,0.00,3473656.92,Cash Collections from Customers
GL-0000064,BAT-202402-DURA_US-02,2024-02-28,2024-02,DURA_US,SAP,GL_AR_110010,Trade Accounts Receivable Commercial,USD,0.00,3473656.92,-3473656.92,AR Settlement from Collections
GL-0000065,BAT-202402-DURA_US-03,2024-02-28,2024-02,DURA_US,SAP,GL_COGS_500010,Direct Manufacturing Material & Labor,USD,1681981.25,0.00,1681981.25,Direct Cost of Goods & Services Delivered
GL-0000066,BAT-202402-DURA_US-03,2024-02-28,2024-02,DURA_US,SAP,GL_AP_200010,Trade Accounts Payable Vendors,USD,0.00,1681981.25,-1681981.25,Vendor Invoices Received
GL-0000067,BAT-202402-DURA_US-04,2024-02-28,2024-02,DURA_US,SAP,GL_AP_200010,Trade Accounts Payable Vendors,USD,1513783.12,0.00,1513783.12,Vendor AP Disbursed
GL-0000068,BAT-202402-DURA_US-04,2024-02-28,2024-02,DURA_US,SAP,GL_CASH_100010,JPMorgan Treasury Operating Checking,USD,0.00,1513783.12,-1513783.12,Operating Cash Disbursed for Direct COGS
GL-0000069,BAT-202402-DURA_US-05,2024-02-28,2024-02,DURA_US,SAP,GL_OPEX_600010,SG&A Operating Overhead & Payroll,USD,808220.00,0.00,808220.00,"SG&A Payroll, Overhead & Admin Expenses"
GL-0000070,BAT-202402-DURA_US-05,2024-02-28,2024-02,DURA_US,SAP,GL_CASH_100010,JPMorgan Treasury Operating Checking,USD,0.00,808220.00,-808220.00,Cash Disbursement for SG&A
GL-0000071,BAT-202402-DURA_US-06,2024-02-28,2024-02,DURA_US,SAP,GL_DA_700010,Plant & Machinery Depreciation,USD,120000.00,0.00,120000.00,Monthly Depreciation & Amortization
GL-0000072,BAT-202402-DURA_US-06,2024-02-28,2024-02,DURA_US,SAP,GL_EQ_300010,Retained Earnings & Contributed Surplus,USD,0.00,120000.00,-120000.00,Accumulated Depreciation / Reserve Allocation
GL-0000073,BAT-202402-DURA_US-07,2024-02-28,2024-02,DURA_US,SAP,GL_INT_800010,Senior Facility Interest Expense,USD,310000.00,0.00,310000.00,Senior Facility Monthly Interest Charge
GL-0000074,BAT-202402-DURA_US-07,2024-02-28,2024-02,DURA_US,SAP,GL_DEBT_250010,Senior Secured Term Loan Principal,USD,400000.00,0.00,400000.00,Senior Debt Principal Amortization
GL-0000075,BAT-202402-DURA_US-07,2024-02-28,2024-02,DURA_US,SAP,GL_CASH_100010,JPMorgan Treasury Operating Checking,USD,0.00,710000.00,-710000.00,Cash Wire for Scheduled Debt Service
GL-0000076,BAT-202402-MED_UK-01,2024-02-28,2024-02,MED_UK,NetSuite,AR-CUSTOMERS,B2B Subscription Receivables Control,GBP,1876172.36,0.00,1876172.36,Commercial Invoicing & Billing
GL-0000077,BAT-202402-MED_UK-01,2024-02-28,2024-02,MED_UK,NetSuite,REV-SUB-ARR,SaaS Subscription ARR Recurring Revenue,GBP,0.00,1876172.36,-1876172.36,Core Operating Revenue Earned
GL-0000078,BAT-202402-MED_UK-02,2024-02-28,2024-02,MED_UK,NetSuite,CASH-BARCLAYS-GBP,Barclays Commercial Operating Account,GBP,1782363.74,0.00,1782363.74,Cash Collections from Customers
GL-0000079,BAT-202402-MED_UK-02,2024-02-28,2024-02,MED_UK,NetSuite,AR-CUSTOMERS,B2B Subscription Receivables Control,GBP,0.00,1782363.74,-1782363.74,AR Settlement from Collections
GL-0000080,BAT-202402-MED_UK-03,2024-02-28,2024-02,MED_UK,NetSuite,COGS-HOST-AWS,AWS Hosting & Direct Infrastructure,GBP,600375.16,0.00,600375.16,Direct Cost of Goods & Services Delivered
GL-0000081,BAT-202402-MED_UK-03,2024-02-28,2024-02,MED_UK,NetSuite,AP-VENDORS,Trade Accounts Payable Vendor Ledger,GBP,0.00,600375.16,-600375.16,Vendor Invoices Received
GL-0000082,BAT-202402-MED_UK-04,2024-02-28,2024-02,MED_UK,NetSuite,AP-VENDORS,Trade Accounts Payable Vendor Ledger,GBP,540337.64,0.00,540337.64,Vendor AP Disbursed
GL-0000083,BAT-202402-MED_UK-04,2024-02-28,2024-02,MED_UK,NetSuite,CASH-BARCLAYS-GBP,Barclays Commercial Operating Account,GBP,0.00,540337.64,-540337.64,Operating Cash Disbursed for Direct COGS
GL-0000084,BAT-202402-MED_UK-05,2024-02-28,2024-02,MED_UK,NetSuite,OPEX-SALES-MKTG,"Sales, Marketing, R&D and Admin",GBP,632520.00,0.00,632520.00,"SG&A Payroll, Overhead & Admin Expenses"
GL-0000085,BAT-202402-MED_UK-05,2024-02-28,2024-02,MED_UK,NetSuite,CASH-BARCLAYS-GBP,Barclays Commercial Operating Account,GBP,0.00,632520.00,-632520.00,Cash Disbursement for SG&A
GL-0000086,BAT-202402-MED_UK-06,2024-02-28,2024-02,MED_UK,NetSuite,DA-SERVER-AMORT,Capitalized Software Amortization,GBP,75000.00,0.00,75000.00,Monthly Depreciation & Amortization
GL-0000087,BAT-202402-MED_UK-06,2024-02-28,2024-02,MED_UK,NetSuite,EQ-COMMON-CAP,Common Equity & Retained Earnings,GBP,0.00,75000.00,-75000.00,Accumulated Depreciation / Reserve Allocation
GL-0000088,BAT-202402-MED_UK-07,2024-02-28,2024-02,MED_UK,NetSuite,FIN-TERM-INT,Growth Debt Monthly Interest Charge,GBP,134441.67,0.00,134441.67,Senior Facility Monthly Interest Charge
GL-0000089,BAT-202402-MED_UK-07,2024-02-28,2024-02,MED_UK,NetSuite,DEBT-SENIOR-FAC,Syndicated Senior Debt Tranche,GBP,180000.00,0.00,180000.00,Senior Debt Principal Amortization
GL-0000090,BAT-202402-MED_UK-07,2024-02-28,2024-02,MED_UK,NetSuite,CASH-BARCLAYS-GBP,Barclays Commercial Operating Account,GBP,0.00,314441.67,-314441.67,Cash Wire for Scheduled Debt Service
GL-0000091,BAT-202402-LOGI_EU-01,2024-02-28,2024-02,LOGI_EU,Dynamics365,1400_FORDERUNGEN,Forderungen aus Lieferungen und Leistungen,EUR,2732436.68,0.00,2732436.68,Commercial Invoicing & Billing
GL-0000092,BAT-202402-LOGI_EU-01,2024-02-28,2024-02,LOGI_EU,Dynamics365,4400_ERLOESE,Erlöse aus Logistikdienstleistungen,EUR,0.00,2732436.68,-2732436.68,Core Operating Revenue Earned
GL-0000093,BAT-202402-LOGI_EU-02,2024-02-28,2024-02,LOGI_EU,Dynamics365,1200_BANK_EUR,Deutsche Bank Geschäftsguthaben,EUR,2595814.85,0.00,2595814.85,Cash Collections from Customers
GL-0000094,BAT-202402-LOGI_EU-02,2024-02-28,2024-02,LOGI_EU,Dynamics365,1400_FORDERUNGEN,Forderungen aus Lieferungen und Leistungen,EUR,0.00,2595814.85,-2595814.85,AR Settlement from Collections
GL-0000095,BAT-202402-LOGI_EU-03,2024-02-28,2024-02,LOGI_EU,Dynamics365,5400_WARENEINSATZ,Aufwendungen für Frachten & Treibstoff,EUR,1311569.60,0.00,1311569.60,Direct Cost of Goods & Services Delivered
GL-0000096,BAT-202402-LOGI_EU-03,2024-02-28,2024-02,LOGI_EU,Dynamics365,3300_VERBINDLICHKEITEN,Verbindlichkeiten aus Lieferungen,EUR,0.00,1311569.60,-1311569.60,Vendor Invoices Received
GL-0000097,BAT-202402-LOGI_EU-04,2024-02-28,2024-02,LOGI_EU,Dynamics365,3300_VERBINDLICHKEITEN,Verbindlichkeiten aus Lieferungen,EUR,1180412.64,0.00,1180412.64,Vendor AP Disbursed
GL-0000098,BAT-202402-LOGI_EU-04,2024-02-28,2024-02,LOGI_EU,Dynamics365,1200_BANK_EUR,Deutsche Bank Geschäftsguthaben,EUR,0.00,1180412.64,-1180412.64,Operating Cash Disbursed for Direct COGS
GL-0000099,BAT-202402-LOGI_EU-05,2024-02-28,2024-02,LOGI_EU,Dynamics365,6200_PERSONALAUFWAND,Personalaufwand und allgemeine Verwaltung,EUR,652600.00,0.00,652600.00,"SG&A Payroll, Overhead & Admin Expenses"
GL-0000100,BAT-202402-LOGI_EU-05,2024-02-28,2024-02,LOGI_EU,Dynamics365,1200_BANK_EUR,Deutsche Bank Geschäftsguthaben,EUR,0.00,652600.00,-652600.00,Cash Disbursement for SG&A
GL-0000101,BAT-202402-LOGI_EU-06,2024-02-28,2024-02,LOGI_EU,Dynamics365,6500_ABSCHREIBUNGEN,Abschreibungen auf Fuhrpark und Logistik,EUR,90000.00,0.00,90000.00,Monthly Depreciation & Amortization
GL-0000102,BAT-202402-LOGI_EU-06,2024-02-28,2024-02,LOGI_EU,Dynamics365,2000_EIGENKAPITAL,Gezeichnetes Kapital und Rücklagen,EUR,0.00,90000.00,-90000.00,Accumulated Depreciation / Reserve Allocation
GL-0000103,BAT-202402-LOGI_EU-07,2024-02-28,2024-02,LOGI_EU,Dynamics365,7300_ZINSAUFWAND,Zinsaufwendungen für Darlehen,EUR,167958.33,0.00,167958.33,Senior Facility Monthly Interest Charge
GL-0000104,BAT-202402-LOGI_EU-07,2024-02-28,2024-02,LOGI_EU,Dynamics365,0630_ANLEIHEN,Langfristige Bankverbindlichkeiten,EUR,250000.00,0.00,250000.00,Senior Debt Principal Amortization
GL-0000105,BAT-202402-LOGI_EU-07,2024-02-28,2024-02,LOGI_EU,Dynamics365,1200_BANK_EUR,Deutsche Bank Geschäftsguthaben,EUR,0.00,417958.33,-417958.33,Cash Wire for Scheduled Debt Service
GL-0000106,BAT-202402-RETAIL_US-01,2024-02-28,2024-02,RETAIL_US,QuickBooks,120_Accounts_Receivable,Trade Accounts Receivable Control,USD,1222473.06,0.00,1222473.06,Commercial Invoicing & Billing
GL-0000107,BAT-202402-RETAIL_US-01,2024-02-28,2024-02,RETAIL_US,QuickBooks,401_Merch_Sales,Omnichannel Merchandise Sales,USD,0.00,1222473.06,-1222473.06,Core Operating Revenue Earned
GL-0000108,BAT-202402-RETAIL_US-02,2024-02-28,2024-02,RETAIL_US,QuickBooks,101_Operating_Checking,Chase Commercial Operating Account,USD,1161349.41,0.00,1161349.41,Cash Collections from Customers
GL-0000109,BAT-202402-RETAIL_US-02,2024-02-28,2024-02,RETAIL_US,QuickBooks,120_Accounts_Receivable,Trade Accounts Receivable Control,USD,0.00,1161349.41,-1161349.41,AR Settlement from Collections
GL-0000110,BAT-202402-RETAIL_US-03,2024-02-28,2024-02,RETAIL_US,QuickBooks,501_Cost_Goods_Sold,Cost of Goods Sold & Direct Freight,USD,537888.15,0.00,537888.15,Direct Cost of Goods & Services Delivered
GL-0000111,BAT-202402-RETAIL_US-03,2024-02-28,2024-02,RETAIL_US,QuickBooks,201_Accounts_Payable,Vendor Accounts Payable Control,USD,0.00,537888.15,-537888.15,Vendor Invoices Received
GL-0000112,BAT-202402-RETAIL_US-04,2024-02-28,2024-02,RETAIL_US,QuickBooks,201_Accounts_Payable,Vendor Accounts Payable Control,USD,484099.33,0.00,484099.33,Vendor AP Disbursed
GL-0000113,BAT-202402-RETAIL_US-04,2024-02-28,2024-02,RETAIL_US,QuickBooks,101_Operating_Checking,Chase Commercial Operating Account,USD,0.00,484099.33,-484099.33,Operating Cash Disbursed for Direct COGS
GL-0000114,BAT-202402-RETAIL_US-05,2024-02-28,2024-02,RETAIL_US,QuickBooks,601_Payroll_SG&A,"Store Payroll, Marketing, & Rent",USD,337344.00,0.00,337344.00,"SG&A Payroll, Overhead & Admin Expenses"
GL-0000115,BAT-202402-RETAIL_US-05,2024-02-28,2024-02,RETAIL_US,QuickBooks,101_Operating_Checking,Chase Commercial Operating Account,USD,0.00,337344.00,-337344.00,Cash Disbursement for SG&A
GL-0000116,BAT-202402-RETAIL_US-06,2024-02-28,2024-02,RETAIL_US,QuickBooks,680_Depreciation,Depreciation on Store Fixtures,USD,45000.00,0.00,45000.00,Monthly Depreciation & Amortization
GL-0000117,BAT-202402-RETAIL_US-06,2024-02-28,2024-02,RETAIL_US,QuickBooks,301_Owners_Equity,Shareholder Equity & Retained Earnings,USD,0.00,45000.00,-45000.00,Accumulated Depreciation / Reserve Allocation
GL-0000118,BAT-202402-RETAIL_US-07,2024-02-28,2024-02,RETAIL_US,QuickBooks,701_Interest_Expense,Revolver & Term Interest Expense,USD,99333.33,0.00,99333.33,Senior Facility Monthly Interest Charge
GL-0000119,BAT-202402-RETAIL_US-07,2024-02-28,2024-02,RETAIL_US,QuickBooks,270_Note_Payable,Asset-Based Term Loan Principal,USD,100000.00,0.00,100000.00,Senior Debt Principal Amortization
GL-0000120,BAT-202402-RETAIL_US-07,2024-02-28,2024-02,RETAIL_US,QuickBooks,101_Operating_Checking,Chase Commercial Operating Account,USD,0.00,199333.33,-199333.33,Cash Wire for Scheduled Debt Service
GL-0000121,BAT-202403-DURA_US-01,2024-03-28,2024-03,DURA_US,SAP,GL_AR_110010,Trade Accounts Receivable Commercial,USD,3695396.82,0.00,3695396.82,Commercial Invoicing & Billing
GL-0000122,BAT-202403-DURA_US-01,2024-03-28,2024-03,DURA_US,SAP,GL_REV_400010,Gross Revenue Industrial Sales,USD,0.00,3695396.82,-3695396.82,Core Operating Revenue Earned
GL-0000123,BAT-202403-DURA_US-02,2024-03-28,2024-03,DURA_US,SAP,GL_CASH_100010,JPMorgan Treasury Operating Checking,USD,3510626.98,0.00,3510626.98,Cash Collections from Customers
GL-0000124,BAT-202403-DURA_US-02,2024-03-28,2024-03,DURA_US,SAP,GL_AR_110010,Trade Accounts Receivable Commercial,USD,0.00,3510626.98,-3510626.98,AR Settlement from Collections
GL-0000125,BAT-202403-DURA_US-03,2024-03-28,2024-03,DURA_US,SAP,GL_COGS_500010,Direct Manufacturing Material & Labor,USD,1699882.54,0.00,1699882.54,Direct Cost of Goods & Services Delivered
GL-0000126,BAT-202403-DURA_US-03,2024-03-28,2024-03,DURA_US,SAP,GL_AP_200010,Trade Accounts Payable Vendors,USD,0.00,1699882.54,-1699882.54,Vendor Invoices Received
GL-0000127,BAT-202403-DURA_US-04,2024-03-28,2024-03,DURA_US,SAP,GL_AP_200010,Trade Accounts Payable Vendors,USD,1529894.29,0.00,1529894.29,Vendor AP Disbursed
GL-0000128,BAT-202403-DURA_US-04,2024-03-28,2024-03,DURA_US,SAP,GL_CASH_100010,JPMorgan Treasury Operating Checking,USD,0.00,1529894.29,-1529894.29,Operating Cash Disbursed for Direct COGS
GL-0000129,BAT-202403-DURA_US-05,2024-03-28,2024-03,DURA_US,SAP,GL_OPEX_600010,SG&A Operating Overhead & Payroll,USD,809830.00,0.00,809830.00,"SG&A Payroll, Overhead & Admin Expenses"
GL-0000130,BAT-202403-DURA_US-05,2024-03-28,2024-03,DURA_US,SAP,GL_CASH_100010,JPMorgan Treasury Operating Checking,USD,0.00,809830.00,-809830.00,Cash Disbursement for SG&A
GL-0000131,BAT-202403-DURA_US-06,2024-03-28,2024-03,DURA_US,SAP,GL_DA_700010,Plant & Machinery Depreciation,USD,120000.00,0.00,120000.00,Monthly Depreciation & Amortization
GL-0000132,BAT-202403-DURA_US-06,2024-03-28,2024-03,DURA_US,SAP,GL_EQ_300010,Retained Earnings & Contributed Surplus,USD,0.00,120000.00,-120000.00,Accumulated Depreciation / Reserve Allocation
GL-0000133,BAT-202403-DURA_US-07,2024-03-28,2024-03,DURA_US,SAP,GL_INT_800010,Senior Facility Interest Expense,USD,307500.00,0.00,307500.00,Senior Facility Monthly Interest Charge
GL-0000134,BAT-202403-DURA_US-07,2024-03-28,2024-03,DURA_US,SAP,GL_DEBT_250010,Senior Secured Term Loan Principal,USD,400000.00,0.00,400000.00,Senior Debt Principal Amortization
GL-0000135,BAT-202403-DURA_US-07,2024-03-28,2024-03,DURA_US,SAP,GL_CASH_100010,JPMorgan Treasury Operating Checking,USD,0.00,707500.00,-707500.00,Cash Wire for Scheduled Debt Service
GL-0000136,BAT-202403-MED_UK-01,2024-03-28,2024-03,MED_UK,NetSuite,AR-CUSTOMERS,B2B Subscription Receivables Control,GBP,1872256.82,0.00,1872256.82,Commercial Invoicing & Billing
GL-0000137,BAT-202403-MED_UK-01,2024-03-28,2024-03,MED_UK,NetSuite,REV-SUB-ARR,SaaS Subscription ARR Recurring Revenue,GBP,0.00,1872256.82,-1872256.82,Core Operating Revenue Earned
GL-0000138,BAT-202403-MED_UK-02,2024-03-28,2024-03,MED_UK,NetSuite,CASH-BARCLAYS-GBP,Barclays Commercial Operating Account,GBP,1778643.98,0.00,1778643.98,Cash Collections from Customers
GL-0000139,BAT-202403-MED_UK-02,2024-03-28,2024-03,MED_UK,NetSuite,AR-CUSTOMERS,B2B Subscription Receivables Control,GBP,0.00,1778643.98,-1778643.98,AR Settlement from Collections
GL-0000140,BAT-202403-MED_UK-03,2024-03-28,2024-03,MED_UK,NetSuite,COGS-HOST-AWS,AWS Hosting & Direct Infrastructure,GBP,599122.18,0.00,599122.18,Direct Cost of Goods & Services Delivered
GL-0000141,BAT-202403-MED_UK-03,2024-03-28,2024-03,MED_UK,NetSuite,AP-VENDORS,Trade Accounts Payable Vendor Ledger,GBP,0.00,599122.18,-599122.18,Vendor Invoices Received
GL-0000142,BAT-202403-MED_UK-04,2024-03-28,2024-03,MED_UK,NetSuite,AP-VENDORS,Trade Accounts Payable Vendor Ledger,GBP,539209.96,0.00,539209.96,Vendor AP Disbursed
GL-0000143,BAT-202403-MED_UK-04,2024-03-28,2024-03,MED_UK,NetSuite,CASH-BARCLAYS-GBP,Barclays Commercial Operating Account,GBP,0.00,539209.96,-539209.96,Operating Cash Disbursed for Direct COGS
GL-0000144,BAT-202403-MED_UK-05,2024-03-28,2024-03,MED_UK,NetSuite,OPEX-SALES-MKTG,"Sales, Marketing, R&D and Admin",GBP,633780.00,0.00,633780.00,"SG&A Payroll, Overhead & Admin Expenses"
GL-0000145,BAT-202403-MED_UK-05,2024-03-28,2024-03,MED_UK,NetSuite,CASH-BARCLAYS-GBP,Barclays Commercial Operating Account,GBP,0.00,633780.00,-633780.00,Cash Disbursement for SG&A
GL-0000146,BAT-202403-MED_UK-06,2024-03-28,2024-03,MED_UK,NetSuite,DA-SERVER-AMORT,Capitalized Software Amortization,GBP,75000.00,0.00,75000.00,Monthly Depreciation & Amortization
GL-0000147,BAT-202403-MED_UK-06,2024-03-28,2024-03,MED_UK,NetSuite,EQ-COMMON-CAP,Common Equity & Retained Earnings,GBP,0.00,75000.00,-75000.00,Accumulated Depreciation / Reserve Allocation
GL-0000148,BAT-202403-MED_UK-07,2024-03-28,2024-03,MED_UK,NetSuite,FIN-TERM-INT,Growth Debt Monthly Interest Charge,GBP,133466.67,0.00,133466.67,Senior Facility Monthly Interest Charge
GL-0000149,BAT-202403-MED_UK-07,2024-03-28,2024-03,MED_UK,NetSuite,DEBT-SENIOR-FAC,Syndicated Senior Debt Tranche,GBP,180000.00,0.00,180000.00,Senior Debt Principal Amortization
GL-0000150,BAT-202403-MED_UK-07,2024-03-28,2024-03,MED_UK,NetSuite,CASH-BARCLAYS-GBP,Barclays Commercial Operating Account,GBP,0.00,313466.67,-313466.67,Cash Wire for Scheduled Debt Service
GL-0000151,BAT-202403-LOGI_EU-01,2024-03-28,2024-03,LOGI_EU,Dynamics365,1400_FORDERUNGEN,Forderungen aus Lieferungen und Leistungen,EUR,2724010.40,0.00,2724010.40,Commercial Invoicing & Billing
GL-0000152,BAT-202403-LOGI_EU-01,2024-03-28,2024-03,LOGI_EU,Dynamics365,4400_ERLOESE,Erlöse aus Logistikdienstleistungen,EUR,0.00,2724010.40,-2724010.40,Core Operating Revenue Earned
GL-0000153,BAT-202403-LOGI_EU-02,2024-03-28,2024-03,LOGI_EU,Dynamics365,1200_BANK_EUR,Deutsche Bank Geschäftsguthaben,EUR,2587809.88,0.00,2587809.88,Cash Collections from Customers
GL-0000154,BAT-202403-LOGI_EU-02,2024-03-28,2024-03,LOGI_EU,Dynamics365,1400_FORDERUNGEN,Forderungen aus Lieferungen und Leistungen,EUR,0.00,2587809.88,-2587809.88,AR Settlement from Collections
GL-0000155,BAT-202403-LOGI_EU-03,2024-03-28,2024-03,LOGI_EU,Dynamics365,5400_WARENEINSATZ,Aufwendungen für Frachten & Treibstoff,EUR,1307524.99,0.00,1307524.99,Direct Cost of Goods & Services Delivered
GL-0000156,BAT-202403-LOGI_EU-03,2024-03-28,2024-03,LOGI_EU,Dynamics365,3300_VERBINDLICHKEITEN,Verbindlichkeiten aus Lieferungen,EUR,0.00,1307524.99,-1307524.99,Vendor Invoices Received
GL-0000157,BAT-202403-LOGI_EU-04,2024-03-28,2024-03,LOGI_EU,Dynamics365,3300_VERBINDLICHKEITEN,Verbindlichkeiten aus Lieferungen,EUR,1176772.49,0.00,1176772.49,Vendor AP Disbursed
GL-0000158,BAT-202403-LOGI_EU-04,2024-03-28,2024-03,LOGI_EU,Dynamics365,1200_BANK_EUR,Deutsche Bank Geschäftsguthaben,EUR,0.00,1176772.49,-1176772.49,Operating Cash Disbursed for Direct COGS
GL-0000159,BAT-202403-LOGI_EU-05,2024-03-28,2024-03,LOGI_EU,Dynamics365,6200_PERSONALAUFWAND,Personalaufwand und allgemeine Verwaltung,EUR,653900.00,0.00,653900.00,"SG&A Payroll, Overhead & Admin Expenses"
GL-0000160,BAT-202403-LOGI_EU-05,2024-03-28,2024-03,LOGI_EU,Dynamics365,1200_BANK_EUR,Deutsche Bank Geschäftsguthaben,EUR,0.00,653900.00,-653900.00,Cash Disbursement for SG&A
GL-0000161,BAT-202403-LOGI_EU-06,2024-03-28,2024-03,LOGI_EU,Dynamics365,6500_ABSCHREIBUNGEN,Abschreibungen auf Fuhrpark und Logistik,EUR,90000.00,0.00,90000.00,Monthly Depreciation & Amortization
GL-0000162,BAT-202403-LOGI_EU-06,2024-03-28,2024-03,LOGI_EU,Dynamics365,2000_EIGENKAPITAL,Gezeichnetes Kapital und Rücklagen,EUR,0.00,90000.00,-90000.00,Accumulated Depreciation / Reserve Allocation
GL-0000163,BAT-202403-LOGI_EU-07,2024-03-28,2024-03,LOGI_EU,Dynamics365,7300_ZINSAUFWAND,Zinsaufwendungen für Darlehen,EUR,166750.00,0.00,166750.00,Senior Facility Monthly Interest Charge
GL-0000164,BAT-202403-LOGI_EU-07,2024-03-28,2024-03,LOGI_EU,Dynamics365,0630_ANLEIHEN,Langfristige Bankverbindlichkeiten,EUR,250000.00,0.00,250000.00,Senior Debt Principal Amortization
GL-0000165,BAT-202403-LOGI_EU-07,2024-03-28,2024-03,LOGI_EU,Dynamics365,1200_BANK_EUR,Deutsche Bank Geschäftsguthaben,EUR,0.00,416750.00,-416750.00,Cash Wire for Scheduled Debt Service
GL-0000166,BAT-202403-RETAIL_US-01,2024-03-28,2024-03,RETAIL_US,QuickBooks,120_Accounts_Receivable,Trade Accounts Receivable Control,USD,1270998.00,0.00,1270998.00,Commercial Invoicing & Billing
GL-0000167,BAT-202403-RETAIL_US-01,2024-03-28,2024-03,RETAIL_US,QuickBooks,401_Merch_Sales,Omnichannel Merchandise Sales,USD,0.00,1270998.00,-1270998.00,Core Operating Revenue Earned
GL-0000168,BAT-202403-RETAIL_US-02,2024-03-28,2024-03,RETAIL_US,QuickBooks,101_Operating_Checking,Chase Commercial Operating Account,USD,1207448.10,0.00,1207448.10,Cash Collections from Customers
GL-0000169,BAT-202403-RETAIL_US-02,2024-03-28,2024-03,RETAIL_US,QuickBooks,120_Accounts_Receivable,Trade Accounts Receivable Control,USD,0.00,1207448.10,-1207448.10,AR Settlement from Collections
GL-0000170,BAT-202403-RETAIL_US-03,2024-03-28,2024-03,RETAIL_US,QuickBooks,501_Cost_Goods_Sold,Cost of Goods Sold & Direct Freight,USD,559239.12,0.00,559239.12,Direct Cost of Goods & Services Delivered
GL-0000171,BAT-202403-RETAIL_US-03,2024-03-28,2024-03,RETAIL_US,QuickBooks,201_Accounts_Payable,Vendor Accounts Payable Control,USD,0.00,559239.12,-559239.12,Vendor Invoices Received
GL-0000172,BAT-202403-RETAIL_US-04,2024-03-28,2024-03,RETAIL_US,QuickBooks,201_Accounts_Payable,Vendor Accounts Payable Control,USD,503315.21,0.00,503315.21,Vendor AP Disbursed
GL-0000173,BAT-202403-RETAIL_US-04,2024-03-28,2024-03,RETAIL_US,QuickBooks,101_Operating_Checking,Chase Commercial Operating Account,USD,0.00,503315.21,-503315.21,Operating Cash Disbursed for Direct COGS
GL-0000174,BAT-202403-RETAIL_US-05,2024-03-28,2024-03,RETAIL_US,QuickBooks,601_Payroll_SG&A,"Store Payroll, Marketing, & Rent",USD,338016.00,0.00,338016.00,"SG&A Payroll, Overhead & Admin Expenses"
GL-0000175,BAT-202403-RETAIL_US-05,2024-03-28,2024-03,RETAIL_US,QuickBooks,101_Operating_Checking,Chase Commercial Operating Account,USD,0.00,338016.00,-338016.00,Cash Disbursement for SG&A
GL-0000176,BAT-202403-RETAIL_US-06,2024-03-28,2024-03,RETAIL_US,QuickBooks,680_Depreciation,Depreciation on Store Fixtures,USD,45000.00,0.00,45000.00,Monthly Depreciation & Amortization
GL-0000177,BAT-202403-RETAIL_US-06,2024-03-28,2024-03,RETAIL_US,QuickBooks,301_Owners_Equity,Shareholder Equity & Retained Earnings,USD,0.00,45000.00,-45000.00,Accumulated Depreciation / Reserve Allocation
GL-0000178,BAT-202403-RETAIL_US-07,2024-03-28,2024-03,RETAIL_US,QuickBooks,701_Interest_Expense,Revolver & Term Interest Expense,USD,98666.67,0.00,98666.67,Senior Facility Monthly Interest Charge
GL-0000179,BAT-202403-RETAIL_US-07,2024-03-28,2024-03,RETAIL_US,QuickBooks,270_Note_Payable,Asset-Based Term Loan Principal,USD,100000.00,0.00,100000.00,Senior Debt Principal Amortization
GL-0000180,BAT-202403-RETAIL_US-07,2024-03-28,2024-03,RETAIL_US,QuickBooks,101_Operating_Checking,Chase Commercial Operating Account,USD,0.00,198666.67,-198666.67,Cash Wire for Scheduled Debt Service
GL-0000181,BAT-202404-DURA_US-01,2024-04-28,2024-04,DURA_US,SAP,GL_AR_110010,Trade Accounts Receivable Commercial,USD,3682215.04,0.00,3682215.04,Commercial Invoicing & Billing
GL-0000182,BAT-202404-DURA_US-01,2024-04-28,2024-04,DURA_US,SAP,GL_REV_400010,Gross Revenue Industrial Sales,USD,0.00,3682215.04,-3682215.04,Core Operating Revenue Earned
GL-0000183,BAT-202404-DURA_US-02,2024-04-28,2024-04,DURA_US,SAP,GL_CASH_100010,JPMorgan Treasury Operating Checking,USD,3498104.29,0.00,3498104.29,Cash Collections from Customers
GL-0000184,BAT-202404-DURA_US-02,2024-04-28,2024-04,DURA_US,SAP,GL_AR_110010,Trade Accounts Receivable Commercial,USD,0.00,3498104.29,-3498104.29,AR Settlement from Collections
GL-0000185,BAT-202404-DURA_US-03,2024-04-28,2024-04,DURA_US,SAP,GL_COGS_500010,Direct Manufacturing Material & Labor,USD,1693818.92,0.00,1693818.92,Direct Cost of Goods & Services Delivered
GL-0000186,BAT-202404-DURA_US-03,2024-04-28,2024-04,DURA_US,SAP,GL_AP_200010,Trade Accounts Payable Vendors,USD,0.00,1693818.92,-1693818.92,Vendor Invoices Received
GL-0000187,BAT-202404-DURA_US-04,2024-04-28,2024-04,DURA_US,SAP,GL_AP_200010,Trade Accounts Payable Vendors,USD,1524437.03,0.00,1524437.03,Vendor AP Disbursed
GL-0000188,BAT-202404-DURA_US-04,2024-04-28,2024-04,DURA_US,SAP,GL_CASH_100010,JPMorgan Treasury Operating Checking,USD,0.00,1524437.03,-1524437.03,Operating Cash Disbursed for Direct COGS
GL-0000189,BAT-202404-DURA_US-05,2024-04-28,2024-04,DURA_US,SAP,GL_OPEX_600010,SG&A Operating Overhead & Payroll,USD,811440.00,0.00,811440.00,"SG&A Payroll, Overhead & Admin Expenses"
GL-0000190,BAT-202404-DURA_US-05,2024-04-28,2024-04,DURA_US,SAP,GL_CASH_100010,JPMorgan Treasury Operating Checking,USD,0.00,811440.00,-811440.00,Cash Disbursement for SG&A
GL-0000191,BAT-202404-DURA_US-06,2024-04-28,2024-04,DURA_US,SAP,GL_DA_700010,Plant & Machinery Depreciation,USD,120000.00,0.00,120000.00,Monthly Depreciation & Amortization
GL-0000192,BAT-202404-DURA_US-06,2024-04-28,2024-04,DURA_US,SAP,GL_EQ_300010,Retained Earnings & Contributed Surplus,USD,0.00,120000.00,-120000.00,Accumulated Depreciation / Reserve Allocation
GL-0000193,BAT-202404-DURA_US-07,2024-04-28,2024-04,DURA_US,SAP,GL_INT_800010,Senior Facility Interest Expense,USD,305000.00,0.00,305000.00,Senior Facility Monthly Interest Charge
GL-0000194,BAT-202404-DURA_US-07,2024-04-28,2024-04,DURA_US,SAP,GL_DEBT_250010,Senior Secured Term Loan Principal,USD,400000.00,0.00,400000.00,Senior Debt Principal Amortization
GL-0000195,BAT-202404-DURA_US-07,2024-04-28,2024-04,DURA_US,SAP,GL_CASH_100010,JPMorgan Treasury Operating Checking,USD,0.00,705000.00,-705000.00,Cash Wire for Scheduled Debt Service
GL-0000196,BAT-202404-MED_UK-01,2024-04-28,2024-04,MED_UK,NetSuite,AR-CUSTOMERS,B2B Subscription Receivables Control,GBP,1906116.31,0.00,1906116.31,Commercial Invoicing & Billing
GL-0000197,BAT-202404-MED_UK-01,2024-04-28,2024-04,MED_UK,NetSuite,REV-SUB-ARR,SaaS Subscription ARR Recurring Revenue,GBP,0.00,1906116.31,-1906116.31,Core Operating Revenue Earned
GL-0000198,BAT-202404-MED_UK-02,2024-04-28,2024-04,MED_UK,NetSuite,CASH-BARCLAYS-GBP,Barclays Commercial Operating Account,GBP,1810810.49,0.00,1810810.49,Cash Collections from Customers
GL-0000199,BAT-202404-MED_UK-02,2024-04-28,2024-04,MED_UK,NetSuite,AR-CUSTOMERS,B2B Subscription Receivables Control,GBP,0.00,1810810.49,-1810810.49,AR Settlement from Collections
GL-0000200,BAT-202404-MED_UK-03,2024-04-28,2024-04,MED_UK,NetSuite,COGS-HOST-AWS,AWS Hosting & Direct Infrastructure,GBP,609957.22,0.00,609957.22,Direct Cost of Goods & Services Delivered
GL-0000201,BAT-202404-MED_UK-03,2024-04-28,2024-04,MED_UK,NetSuite,AP-VENDORS,Trade Accounts Payable Vendor Ledger,GBP,0.00,609957.22,-609957.22,Vendor Invoices Received
GL-0000202,BAT-202404-MED_UK-04,2024-04-28,2024-04,MED_UK,NetSuite,AP-VENDORS,Trade Accounts Payable Vendor Ledger,GBP,548961.50,0.00,548961.50,Vendor AP Disbursed
GL-0000203,BAT-202404-MED_UK-04,2024-04-28,2024-04,MED_UK,NetSuite,CASH-BARCLAYS-GBP,Barclays Commercial Operating Account,GBP,0.00,548961.50,-548961.50,Operating Cash Disbursed for Direct COGS
GL-0000204,BAT-202404-MED_UK-05,2024-04-28,2024-04,MED_UK,NetSuite,OPEX-SALES-MKTG,"Sales, Marketing, R&D and Admin",GBP,635040.00,0.00,635040.00,"SG&A Payroll, Overhead & Admin Expenses"
GL-0000205,BAT-202404-MED_UK-05,2024-04-28,2024-04,MED_UK,NetSuite,CASH-BARCLAYS-GBP,Barclays Commercial Operating Account,GBP,0.00,635040.00,-635040.00,Cash Disbursement for SG&A
GL-0000206,BAT-202404-MED_UK-06,2024-04-28,2024-04,MED_UK,NetSuite,DA-SERVER-AMORT,Capitalized Software Amortization,GBP,75000.00,0.00,75000.00,Monthly Depreciation & Amortization
GL-0000207,BAT-202404-MED_UK-06,2024-04-28,2024-04,MED_UK,NetSuite,EQ-COMMON-CAP,Common Equity & Retained Earnings,GBP,0.00,75000.00,-75000.00,Accumulated Depreciation / Reserve Allocation
GL-0000208,BAT-202404-MED_UK-07,2024-04-28,2024-04,MED_UK,NetSuite,FIN-TERM-INT,Growth Debt Monthly Interest Charge,GBP,132491.67,0.00,132491.67,Senior Facility Monthly Interest Charge
GL-0000209,BAT-202404-MED_UK-07,2024-04-28,2024-04,MED_UK,NetSuite,DEBT-SENIOR-FAC,Syndicated Senior Debt Tranche,GBP,180000.00,0.00,180000.00,Senior Debt Principal Amortization
GL-0000210,BAT-202404-MED_UK-07,2024-04-28,2024-04,MED_UK,NetSuite,CASH-BARCLAYS-GBP,Barclays Commercial Operating Account,GBP,0.00,312491.67,-312491.67,Cash Wire for Scheduled Debt Service
GL-0000211,BAT-202404-LOGI_EU-01,2024-04-28,2024-04,LOGI_EU,Dynamics365,1400_FORDERUNGEN,Forderungen aus Lieferungen und Leistungen,EUR,2800187.98,0.00,2800187.98,Commercial Invoicing & Billing
GL-0000212,BAT-202404-LOGI_EU-01,2024-04-28,2024-04,LOGI_EU,Dynamics365,4400_ERLOESE,Erlöse aus Logistikdienstleistungen,EUR,0.00,2800187.98,-2800187.98,Core Operating Revenue Earned
GL-0000213,BAT-202404-LOGI_EU-02,2024-04-28,2024-04,LOGI_EU,Dynamics365,1200_BANK_EUR,Deutsche Bank Geschäftsguthaben,EUR,2660178.58,0.00,2660178.58,Cash Collections from Customers
GL-0000214,BAT-202404-LOGI_EU-02,2024-04-28,2024-04,LOGI_EU,Dynamics365,1400_FORDERUNGEN,Forderungen aus Lieferungen und Leistungen,EUR,0.00,2660178.58,-2660178.58,AR Settlement from Collections
GL-0000215,BAT-202404-LOGI_EU-03,2024-04-28,2024-04,LOGI_EU,Dynamics365,5400_WARENEINSATZ,Aufwendungen für Frachten & Treibstoff,EUR,1344090.23,0.00,1344090.23,Direct Cost of Goods & Services Delivered
GL-0000216,BAT-202404-LOGI_EU-03,2024-04-28,2024-04,LOGI_EU,Dynamics365,3300_VERBINDLICHKEITEN,Verbindlichkeiten aus Lieferungen,EUR,0.00,1344090.23,-1344090.23,Vendor Invoices Received
GL-0000217,BAT-202404-LOGI_EU-04,2024-04-28,2024-04,LOGI_EU,Dynamics365,3300_VERBINDLICHKEITEN,Verbindlichkeiten aus Lieferungen,EUR,1209681.21,0.00,1209681.21,Vendor AP Disbursed
GL-0000218,BAT-202404-LOGI_EU-04,2024-04-28,2024-04,LOGI_EU,Dynamics365,1200_BANK_EUR,Deutsche Bank Geschäftsguthaben,EUR,0.00,1209681.21,-1209681.21,Operating Cash Disbursed for Direct COGS
GL-0000219,BAT-202404-LOGI_EU-05,2024-04-28,2024-04,LOGI_EU,Dynamics365,6200_PERSONALAUFWAND,Personalaufwand und allgemeine Verwaltung,EUR,655200.00,0.00,655200.00,"SG&A Payroll, Overhead & Admin Expenses"
GL-0000220,BAT-202404-LOGI_EU-05,2024-04-28,2024-04,LOGI_EU,Dynamics365,1200_BANK_EUR,Deutsche Bank Geschäftsguthaben,EUR,0.00,655200.00,-655200.00,Cash Disbursement for SG&A
GL-0000221,BAT-202404-LOGI_EU-06,2024-04-28,2024-04,LOGI_EU,Dynamics365,6500_ABSCHREIBUNGEN,Abschreibungen auf Fuhrpark und Logistik,EUR,90000.00,0.00,90000.00,Monthly Depreciation & Amortization
GL-0000222,BAT-202404-LOGI_EU-06,2024-04-28,2024-04,LOGI_EU,Dynamics365,2000_EIGENKAPITAL,Gezeichnetes Kapital und Rücklagen,EUR,0.00,90000.00,-90000.00,Accumulated Depreciation / Reserve Allocation
GL-0000223,BAT-202404-LOGI_EU-07,2024-04-28,2024-04,LOGI_EU,Dynamics365,7300_ZINSAUFWAND,Zinsaufwendungen für Darlehen,EUR,165541.67,0.00,165541.67,Senior Facility Monthly Interest Charge
GL-0000224,BAT-202404-LOGI_EU-07,2024-04-28,2024-04,LOGI_EU,Dynamics365,0630_ANLEIHEN,Langfristige Bankverbindlichkeiten,EUR,250000.00,0.00,250000.00,Senior Debt Principal Amortization
GL-0000225,BAT-202404-LOGI_EU-07,2024-04-28,2024-04,LOGI_EU,Dynamics365,1200_BANK_EUR,Deutsche Bank Geschäftsguthaben,EUR,0.00,415541.67,-415541.67,Cash Wire for Scheduled Debt Service
GL-0000226,BAT-202404-RETAIL_US-01,2024-04-28,2024-04,RETAIL_US,QuickBooks,120_Accounts_Receivable,Trade Accounts Receivable Control,USD,1287357.19,0.00,1287357.19,Commercial Invoicing & Billing
GL-0000227,BAT-202404-RETAIL_US-01,2024-04-28,2024-04,RETAIL_US,QuickBooks,401_Merch_Sales,Omnichannel Merchandise Sales,USD,0.00,1287357.19,-1287357.19,Core Operating Revenue Earned
GL-0000228,BAT-202404-RETAIL_US-02,2024-04-28,2024-04,RETAIL_US,QuickBooks,101_Operating_Checking,Chase Commercial Operating Account,USD,1222989.33,0.00,1222989.33,Cash Collections from Customers
GL-0000229,BAT-202404-RETAIL_US-02,2024-04-28,2024-04,RETAIL_US,QuickBooks,120_Accounts_Receivable,Trade Accounts Receivable Control,USD,0.00,1222989.33,-1222989.33,AR Settlement from Collections
GL-0000230,BAT-202404-RETAIL_US-03,2024-04-28,2024-04,RETAIL_US,QuickBooks,501_Cost_Goods_Sold,Cost of Goods Sold & Direct Freight,USD,566437.16,0.00,566437.16,Direct Cost of Goods & Services Delivered
GL-0000231,BAT-202404-RETAIL_US-03,2024-04-28,2024-04,RETAIL_US,QuickBooks,201_Accounts_Payable,Vendor Accounts Payable Control,USD,0.00,566437.16,-566437.16,Vendor Invoices Received
GL-0000232,BAT-202404-RETAIL_US-04,2024-04-28,2024-04,RETAIL_US,QuickBooks,201_Accounts_Payable,Vendor Accounts Payable Control,USD,509793.44,0.00,509793.44,Vendor AP Disbursed
GL-0000233,BAT-202404-RETAIL_US-04,2024-04-28,2024-04,RETAIL_US,QuickBooks,101_Operating_Checking,Chase Commercial Operating Account,USD,0.00,509793.44,-509793.44,Operating Cash Disbursed for Direct COGS
GL-0000234,BAT-202404-RETAIL_US-05,2024-04-28,2024-04,RETAIL_US,QuickBooks,601_Payroll_SG&A,"Store Payroll, Marketing, & Rent",USD,338688.00,0.00,338688.00,"SG&A Payroll, Overhead & Admin Expenses"
GL-0000235,BAT-202404-RETAIL_US-05,2024-04-28,2024-04,RETAIL_US,QuickBooks,101_Operating_Checking,Chase Commercial Operating Account,USD,0.00,338688.00,-338688.00,Cash Disbursement for SG&A
GL-0000236,BAT-202404-RETAIL_US-06,2024-04-28,2024-04,RETAIL_US,QuickBooks,680_Depreciation,Depreciation on Store Fixtures,USD,45000.00,0.00,45000.00,Monthly Depreciation & Amortization
GL-0000237,BAT-202404-RETAIL_US-06,2024-04-28,2024-04,RETAIL_US,QuickBooks,301_Owners_Equity,Shareholder Equity & Retained Earnings,USD,0.00,45000.00,-45000.00,Accumulated Depreciation / Reserve Allocation
GL-0000238,BAT-202404-RETAIL_US-07,2024-04-28,2024-04,RETAIL_US,QuickBooks,701_Interest_Expense,Revolver & Term Interest Expense,USD,98000.00,0.00,98000.00,Senior Facility Monthly Interest Charge
GL-0000239,BAT-202404-RETAIL_US-07,2024-04-28,2024-04,RETAIL_US,QuickBooks,270_Note_Payable,Asset-Based Term Loan Principal,USD,100000.00,0.00,100000.00,Senior Debt Principal Amortization
GL-0000240,BAT-202404-RETAIL_US-07,2024-04-28,2024-04,RETAIL_US,QuickBooks,101_Operating_Checking,Chase Commercial Operating Account,USD,0.00,198000.00,-198000.00,Cash Wire for Scheduled Debt Service
GL-0000241,BAT-202405-DURA_US-01,2024-05-28,2024-05,DURA_US,SAP,GL_AR_110010,Trade Accounts Receivable Commercial,USD,3703704.99,0.00,3703704.99,Commercial Invoicing & Billing
GL-0000242,BAT-202405-DURA_US-01,2024-05-28,2024-05,DURA_US,SAP,GL_REV_400010,Gross Revenue Industrial Sales,USD,0.00,3703704.99,-3703704.99,Core Operating Revenue Earned
GL-0000243,BAT-202405-DURA_US-02,2024-05-28,2024-05,DURA_US,SAP,GL_CASH_100010,JPMorgan Treasury Operating Checking,USD,3518519.74,0.00,3518519.74,Cash Collections from Customers
GL-0000244,BAT-202405-DURA_US-02,2024-05-28,2024-05,DURA_US,SAP,GL_AR_110010,Trade Accounts Receivable Commercial,USD,0.00,3518519.74,-3518519.74,AR Settlement from Collections
GL-0000245,BAT-202405-DURA_US-03,2024-05-28,2024-05,DURA_US,SAP,GL_COGS_500010,Direct Manufacturing Material & Labor,USD,1703704.30,0.00,1703704.30,Direct Cost of Goods & Services Delivered
GL-0000246,BAT-202405-DURA_US-03,2024-05-28,2024-05,DURA_US,SAP,GL_AP_200010,Trade Accounts Payable Vendors,USD,0.00,1703704.30,-1703704.30,Vendor Invoices Received
GL-0000247,BAT-202405-DURA_US-04,2024-05-28,2024-05,DURA_US,SAP,GL_AP_200010,Trade Accounts Payable Vendors,USD,1533333.87,0.00,1533333.87,Vendor AP Disbursed
GL-0000248,BAT-202405-DURA_US-04,2024-05-28,2024-05,DURA_US,SAP,GL_CASH_100010,JPMorgan Treasury Operating Checking,USD,0.00,1533333.87,-1533333.87,Operating Cash Disbursed for Direct COGS
GL-0000249,BAT-202405-DURA_US-05,2024-05-28,2024-05,DURA_US,SAP,GL_OPEX_600010,SG&A Operating Overhead & Payroll,USD,813050.00,0.00,813050.00,"SG&A Payroll, Overhead & Admin Expenses"
GL-0000250,BAT-202405-DURA_US-05,2024-05-28,2024-05,DURA_US,SAP,GL_CASH_100010,JPMorgan Treasury Operating Checking,USD,0.00,813050.00,-813050.00,Cash Disbursement for SG&A
GL-0000251,BAT-202405-DURA_US-06,2024-05-28,2024-05,DURA_US,SAP,GL_DA_700010,Plant & Machinery Depreciation,USD,120000.00,0.00,120000.00,Monthly Depreciation & Amortization
GL-0000252,BAT-202405-DURA_US-06,2024-05-28,2024-05,DURA_US,SAP,GL_EQ_300010,Retained Earnings & Contributed Surplus,USD,0.00,120000.00,-120000.00,Accumulated Depreciation / Reserve Allocation
GL-0000253,BAT-202405-DURA_US-07,2024-05-28,2024-05,DURA_US,SAP,GL_INT_800010,Senior Facility Interest Expense,USD,302500.00,0.00,302500.00,Senior Facility Monthly Interest Charge
GL-0000254,BAT-202405-DURA_US-07,2024-05-28,2024-05,DURA_US,SAP,GL_DEBT_250010,Senior Secured Term Loan Principal,USD,400000.00,0.00,400000.00,Senior Debt Principal Amortization
GL-0000255,BAT-202405-DURA_US-07,2024-05-28,2024-05,DURA_US,SAP,GL_CASH_100010,JPMorgan Treasury Operating Checking,USD,0.00,702500.00,-702500.00,Cash Wire for Scheduled Debt Service
GL-0000256,BAT-202405-MED_UK-01,2024-05-28,2024-05,MED_UK,NetSuite,AR-CUSTOMERS,B2B Subscription Receivables Control,GBP,1931317.97,0.00,1931317.97,Commercial Invoicing & Billing
GL-0000257,BAT-202405-MED_UK-01,2024-05-28,2024-05,MED_UK,NetSuite,REV-SUB-ARR,SaaS Subscription ARR Recurring Revenue,GBP,0.00,1931317.97,-1931317.97,Core Operating Revenue Earned
GL-0000258,BAT-202405-MED_UK-02,2024-05-28,2024-05,MED_UK,NetSuite,CASH-BARCLAYS-GBP,Barclays Commercial Operating Account,GBP,1834752.07,0.00,1834752.07,Cash Collections from Customers
GL-0000259,BAT-202405-MED_UK-02,2024-05-28,2024-05,MED_UK,NetSuite,AR-CUSTOMERS,B2B Subscription Receivables Control,GBP,0.00,1834752.07,-1834752.07,AR Settlement from Collections
GL-0000260,BAT-202405-MED_UK-03,2024-05-28,2024-05,MED_UK,NetSuite,COGS-HOST-AWS,AWS Hosting & Direct Infrastructure,GBP,618021.75,0.00,618021.75,Direct Cost of Goods & Services Delivered
GL-0000261,BAT-202405-MED_UK-03,2024-05-28,2024-05,MED_UK,NetSuite,AP-VENDORS,Trade Accounts Payable Vendor Ledger,GBP,0.00,618021.75,-618021.75,Vendor Invoices Received
GL-0000262,BAT-202405-MED_UK-04,2024-05-28,2024-05,MED_UK,NetSuite,AP-VENDORS,Trade Accounts Payable Vendor Ledger,GBP,556219.57,0.00,556219.57,Vendor AP Disbursed
GL-0000263,BAT-202405-MED_UK-04,2024-05-28,2024-05,MED_UK,NetSuite,CASH-BARCLAYS-GBP,Barclays Commercial Operating Account,GBP,0.00,556219.57,-556219.57,Operating Cash Disbursed for Direct COGS
GL-0000264,BAT-202405-MED_UK-05,2024-05-28,2024-05,MED_UK,NetSuite,OPEX-SALES-MKTG,"Sales, Marketing, R&D and Admin",GBP,636300.00,0.00,636300.00,"SG&A Payroll, Overhead & Admin Expenses"
GL-0000265,BAT-202405-MED_UK-05,2024-05-28,2024-05,MED_UK,NetSuite,CASH-BARCLAYS-GBP,Barclays Commercial Operating Account,GBP,0.00,636300.00,-636300.00,Cash Disbursement for SG&A
GL-0000266,BAT-202405-MED_UK-06,2024-05-28,2024-05,MED_UK,NetSuite,DA-SERVER-AMORT,Capitalized Software Amortization,GBP,75000.00,0.00,75000.00,Monthly Depreciation & Amortization
GL-0000267,BAT-202405-MED_UK-06,2024-05-28,2024-05,MED_UK,NetSuite,EQ-COMMON-CAP,Common Equity & Retained Earnings,GBP,0.00,75000.00,-75000.00,Accumulated Depreciation / Reserve Allocation
GL-0000268,BAT-202405-MED_UK-07,2024-05-28,2024-05,MED_UK,NetSuite,FIN-TERM-INT,Growth Debt Monthly Interest Charge,GBP,131516.67,0.00,131516.67,Senior Facility Monthly Interest Charge
GL-0000269,BAT-202405-MED_UK-07,2024-05-28,2024-05,MED_UK,NetSuite,DEBT-SENIOR-FAC,Syndicated Senior Debt Tranche,GBP,180000.00,0.00,180000.00,Senior Debt Principal Amortization
GL-0000270,BAT-202405-MED_UK-07,2024-05-28,2024-05,MED_UK,NetSuite,CASH-BARCLAYS-GBP,Barclays Commercial Operating Account,GBP,0.00,311516.67,-311516.67,Cash Wire for Scheduled Debt Service
GL-0000271,BAT-202405-LOGI_EU-01,2024-05-28,2024-05,LOGI_EU,Dynamics365,1400_FORDERUNGEN,Forderungen aus Lieferungen und Leistungen,EUR,2812578.65,0.00,2812578.65,Commercial Invoicing & Billing
GL-0000272,BAT-202405-LOGI_EU-01,2024-05-28,2024-05,LOGI_EU,Dynamics365,4400_ERLOESE,Erlöse aus Logistikdienstleistungen,EUR,0.00,2812578.65,-2812578.65,Core Operating Revenue Earned
GL-0000273,BAT-202405-LOGI_EU-02,2024-05-28,2024-05,LOGI_EU,Dynamics365,1200_BANK_EUR,Deutsche Bank Geschäftsguthaben,EUR,2671949.72,0.00,2671949.72,Cash Collections from Customers
GL-0000274,BAT-202405-LOGI_EU-02,2024-05-28,2024-05,LOGI_EU,Dynamics365,1400_FORDERUNGEN,Forderungen aus Lieferungen und Leistungen,EUR,0.00,2671949.72,-2671949.72,AR Settlement from Collections
GL-0000275,BAT-202405-LOGI_EU-03,2024-05-28,2024-05,LOGI_EU,Dynamics365,5400_WARENEINSATZ,Aufwendungen für Frachten & Treibstoff,EUR,1350037.75,0.00,1350037.75,Direct Cost of Goods & Services Delivered
GL-0000276,BAT-202405-LOGI_EU-03,2024-05-28,2024-05,LOGI_EU,Dynamics365,3300_VERBINDLICHKEITEN,Verbindlichkeiten aus Lieferungen,EUR,0.00,1350037.75,-1350037.75,Vendor Invoices Received
GL-0000277,BAT-202405-LOGI_EU-04,2024-05-28,2024-05,LOGI_EU,Dynamics365,3300_VERBINDLICHKEITEN,Verbindlichkeiten aus Lieferungen,EUR,1215033.97,0.00,1215033.97,Vendor AP Disbursed
GL-0000278,BAT-202405-LOGI_EU-04,2024-05-28,2024-05,LOGI_EU,Dynamics365,1200_BANK_EUR,Deutsche Bank Geschäftsguthaben,EUR,0.00,1215033.97,-1215033.97,Operating Cash Disbursed for Direct COGS
GL-0000279,BAT-202405-LOGI_EU-05,2024-05-28,2024-05,LOGI_EU,Dynamics365,6200_PERSONALAUFWAND,Personalaufwand und allgemeine Verwaltung,EUR,656500.00,0.00,656500.00,"SG&A Payroll, Overhead & Admin Expenses"
GL-0000280,BAT-202405-LOGI_EU-05,2024-05-28,2024-05,LOGI_EU,Dynamics365,1200_BANK_EUR,Deutsche Bank Geschäftsguthaben,EUR,0.00,656500.00,-656500.00,Cash Disbursement for SG&A
GL-0000281,BAT-202405-LOGI_EU-06,2024-05-28,2024-05,LOGI_EU,Dynamics365,6500_ABSCHREIBUNGEN,Abschreibungen auf Fuhrpark und Logistik,EUR,90000.00,0.00,90000.00,Monthly Depreciation & Amortization
GL-0000282,BAT-202405-LOGI_EU-06,2024-05-28,2024-05,LOGI_EU,Dynamics365,2000_EIGENKAPITAL,Gezeichnetes Kapital und Rücklagen,EUR,0.00,90000.00,-90000.00,Accumulated Depreciation / Reserve Allocation
GL-0000283,BAT-202405-LOGI_EU-07,2024-05-28,2024-05,LOGI_EU,Dynamics365,7300_ZINSAUFWAND,Zinsaufwendungen für Darlehen,EUR,164333.33,0.00,164333.33,Senior Facility Monthly Interest Charge
GL-0000284,BAT-202405-LOGI_EU-07,2024-05-28,2024-05,LOGI_EU,Dynamics365,0630_ANLEIHEN,Langfristige Bankverbindlichkeiten,EUR,250000.00,0.00,250000.00,Senior Debt Principal Amortization
GL-0000285,BAT-202405-LOGI_EU-07,2024-05-28,2024-05,LOGI_EU,Dynamics365,1200_BANK_EUR,Deutsche Bank Geschäftsguthaben,EUR,0.00,414333.33,-414333.33,Cash Wire for Scheduled Debt Service
GL-0000286,BAT-202405-RETAIL_US-01,2024-05-28,2024-05,RETAIL_US,QuickBooks,120_Accounts_Receivable,Trade Accounts Receivable Control,USD,1259572.50,0.00,1259572.50,Commercial Invoicing & Billing
GL-0000287,BAT-202405-RETAIL_US-01,2024-05-28,2024-05,RETAIL_US,QuickBooks,401_Merch_Sales,Omnichannel Merchandise Sales,USD,0.00,1259572.50,-1259572.50,Core Operating Revenue Earned
GL-0000288,BAT-202405-RETAIL_US-02,2024-05-28,2024-05,RETAIL_US,QuickBooks,101_Operating_Checking,Chase Commercial Operating Account,USD,1196593.87,0.00,1196593.87,Cash Collections from Customers
GL-0000289,BAT-202405-RETAIL_US-02,2024-05-28,2024-05,RETAIL_US,QuickBooks,120_Accounts_Receivable,Trade Accounts Receivable Control,USD,0.00,1196593.87,-1196593.87,AR Settlement from Collections
GL-0000290,BAT-202405-RETAIL_US-03,2024-05-28,2024-05,RETAIL_US,QuickBooks,501_Cost_Goods_Sold,Cost of Goods Sold & Direct Freight,USD,554211.90,0.00,554211.90,Direct Cost of Goods & Services Delivered
GL-0000291,BAT-202405-RETAIL_US-03,2024-05-28,2024-05,RETAIL_US,QuickBooks,201_Accounts_Payable,Vendor Accounts Payable Control,USD,0.00,554211.90,-554211.90,Vendor Invoices Received
GL-0000292,BAT-202405-RETAIL_US-04,2024-05-28,2024-05,RETAIL_US,QuickBooks,201_Accounts_Payable,Vendor Accounts Payable Control,USD,498790.71,0.00,498790.71,Vendor AP Disbursed
GL-0000293,BAT-202405-RETAIL_US-04,2024-05-28,2024-05,RETAIL_US,QuickBooks,101_Operating_Checking,Chase Commercial Operating Account,USD,0.00,498790.71,-498790.71,Operating Cash Disbursed for Direct COGS
GL-0000294,BAT-202405-RETAIL_US-05,2024-05-28,2024-05,RETAIL_US,QuickBooks,601_Payroll_SG&A,"Store Payroll, Marketing, & Rent",USD,339360.00,0.00,339360.00,"SG&A Payroll, Overhead & Admin Expenses"
GL-0000295,BAT-202405-RETAIL_US-05,2024-05-28,2024-05,RETAIL_US,QuickBooks,101_Operating_Checking,Chase Commercial Operating Account,USD,0.00,339360.00,-339360.00,Cash Disbursement for SG&A
GL-0000296,BAT-202405-RETAIL_US-06,2024-05-28,2024-05,RETAIL_US,QuickBooks,680_Depreciation,Depreciation on Store Fixtures,USD,45000.00,0.00,45000.00,Monthly Depreciation & Amortization
GL-0000297,BAT-202405-RETAIL_US-06,2024-05-28,2024-05,RETAIL_US,QuickBooks,301_Owners_Equity,Shareholder Equity & Retained Earnings,USD,0.00,45000.00,-45000.00,Accumulated Depreciation / Reserve Allocation
GL-0000298,BAT-202405-RETAIL_US-07,2024-05-28,2024-05,RETAIL_US,QuickBooks,701_Interest_Expense,Revolver & Term Interest Expense,USD,97333.33,0.00,97333.33,Senior Facility Monthly Interest Charge
GL-0000299,BAT-202405-RETAIL_US-07,2024-05-28,2024-05,RETAIL_US,QuickBooks,270_Note_Payable,Asset-Based Term Loan Principal,USD,100000.00,0.00,100000.00,Senior Debt Principal Amortization
GL-0000300,BAT-202405-RETAIL_US-07,2024-05-28,2024-05,RETAIL_US,QuickBooks,101_Operating_Checking,Chase Commercial Operating Account,USD,0.00,197333.33,-197333.33,Cash Wire for Scheduled Debt Service
GL-0000301,BAT-202406-DURA_US-01,2024-06-28,2024-06,DURA_US,SAP,GL_AR_110010,Trade Accounts Receivable Commercial,USD,3737939.70,0.00,3737939.70,Commercial Invoicing & Billing
GL-0000302,BAT-202406-DURA_US-01,2024-06-28,2024-06,DURA_US,SAP,GL_REV_400010,Gross Revenue Industrial Sales,USD,0.00,3737939.70,-3737939.70,Core Operating Revenue Earned
GL-0000303,BAT-202406-DURA_US-02,2024-06-28,2024-06,DURA_US,SAP,GL_CASH_100010,JPMorgan Treasury Operating Checking,USD,3551042.71,0.00,3551042.71,Cash Collections from Customers
GL-0000304,BAT-202406-DURA_US-02,2024-06-28,2024-06,DURA_US,SAP,GL_AR_110010,Trade Accounts Receivable Commercial,USD,0.00,3551042.71,-3551042.71,AR Settlement from Collections
GL-0000305,BAT-202406-DURA_US-03,2024-06-28,2024-06,DURA_US,SAP,GL_COGS_500010,Direct Manufacturing Material & Labor,USD,1719452.26,0.00,1719452.26,Direct Cost of Goods & Services Delivered
GL-0000306,BAT-202406-DURA_US-03,2024-06-28,2024-06,DURA_US,SAP,GL_AP_200010,Trade Accounts Payable Vendors,USD,0.00,1719452.26,-1719452.26,Vendor Invoices Received
GL-0000307,BAT-202406-DURA_US-04,2024-06-28,2024-06,DURA_US,SAP,GL_AP_200010,Trade Accounts Payable Vendors,USD,1547507.03,0.00,1547507.03,Vendor AP Disbursed
GL-0000308,BAT-202406-DURA_US-04,2024-06-28,2024-06,DURA_US,SAP,GL_CASH_100010,JPMorgan Treasury Operating Checking,USD,0.00,1547507.03,-1547507.03,Operating Cash Disbursed for Direct COGS
GL-0000309,BAT-202406-DURA_US-05,2024-06-28,2024-06,DURA_US,SAP,GL_OPEX_600010,SG&A Operating Overhead & Payroll,USD,814660.00,0.00,814660.00,"SG&A Payroll, Overhead & Admin Expenses"
GL-0000310,BAT-202406-DURA_US-05,2024-06-28,2024-06,DURA_US,SAP,GL_CASH_100010,JPMorgan Treasury Operating Checking,USD,0.00,814660.00,-814660.00,Cash Disbursement for SG&A
GL-0000311,BAT-202406-DURA_US-06,2024-06-28,2024-06,DURA_US,SAP,GL_DA_700010,Plant & Machinery Depreciation,USD,120000.00,0.00,120000.00,Monthly Depreciation & Amortization
GL-0000312,BAT-202406-DURA_US-06,2024-06-28,2024-06,DURA_US,SAP,GL_EQ_300010,Retained Earnings & Contributed Surplus,USD,0.00,120000.00,-120000.00,Accumulated Depreciation / Reserve Allocation
GL-0000313,BAT-202406-DURA_US-07,2024-06-28,2024-06,DURA_US,SAP,GL_INT_800010,Senior Facility Interest Expense,USD,300000.00,0.00,300000.00,Senior Facility Monthly Interest Charge
GL-0000314,BAT-202406-DURA_US-07,2024-06-28,2024-06,DURA_US,SAP,GL_DEBT_250010,Senior Secured Term Loan Principal,USD,400000.00,0.00,400000.00,Senior Debt Principal Amortization
GL-0000315,BAT-202406-DURA_US-07,2024-06-28,2024-06,DURA_US,SAP,GL_CASH_100010,JPMorgan Treasury Operating Checking,USD,0.00,700000.00,-700000.00,Cash Wire for Scheduled Debt Service
GL-0000316,BAT-202406-MED_UK-01,2024-06-28,2024-06,MED_UK,NetSuite,AR-CUSTOMERS,B2B Subscription Receivables Control,GBP,1914616.04,0.00,1914616.04,Commercial Invoicing & Billing
GL-0000317,BAT-202406-MED_UK-01,2024-06-28,2024-06,MED_UK,NetSuite,REV-SUB-ARR,SaaS Subscription ARR Recurring Revenue,GBP,0.00,1914616.04,-1914616.04,Core Operating Revenue Earned
GL-0000318,BAT-202406-MED_UK-02,2024-06-28,2024-06,MED_UK,NetSuite,CASH-BARCLAYS-GBP,Barclays Commercial Operating Account,GBP,1818885.24,0.00,1818885.24,Cash Collections from Customers
GL-0000319,BAT-202406-MED_UK-02,2024-06-28,2024-06,MED_UK,NetSuite,AR-CUSTOMERS,B2B Subscription Receivables Control,GBP,0.00,1818885.24,-1818885.24,AR Settlement from Collections
GL-0000320,BAT-202406-MED_UK-03,2024-06-28,2024-06,MED_UK,NetSuite,COGS-HOST-AWS,AWS Hosting & Direct Infrastructure,GBP,612677.13,0.00,612677.13,Direct Cost of Goods & Services Delivered
GL-0000321,BAT-202406-MED_UK-03,2024-06-28,2024-06,MED_UK,NetSuite,AP-VENDORS,Trade Accounts Payable Vendor Ledger,GBP,0.00,612677.13,-612677.13,Vendor Invoices Received
GL-0000322,BAT-202406-MED_UK-04,2024-06-28,2024-06,MED_UK,NetSuite,AP-VENDORS,Trade Accounts Payable Vendor Ledger,GBP,551409.42,0.00,551409.42,Vendor AP Disbursed
GL-0000323,BAT-202406-MED_UK-04,2024-06-28,2024-06,MED_UK,NetSuite,CASH-BARCLAYS-GBP,Barclays Commercial Operating Account,GBP,0.00,551409.42,-551409.42,Operating Cash Disbursed for Direct COGS
GL-0000324,BAT-202406-MED_UK-05,2024-06-28,2024-06,MED_UK,NetSuite,OPEX-SALES-MKTG,"Sales, Marketing, R&D and Admin",GBP,637560.00,0.00,637560.00,"SG&A Payroll, Overhead & Admin Expenses"
GL-0000325,BAT-202406-MED_UK-05,2024-06-28,2024-06,MED_UK,NetSuite,CASH-BARCLAYS-GBP,Barclays Commercial Operating Account,GBP,0.00,637560.00,-637560.00,Cash Disbursement for SG&A
GL-0000326,BAT-202406-MED_UK-06,2024-06-28,2024-06,MED_UK,NetSuite,DA-SERVER-AMORT,Capitalized Software Amortization,GBP,75000.00,0.00,75000.00,Monthly Depreciation & Amortization
GL-0000327,BAT-202406-MED_UK-06,2024-06-28,2024-06,MED_UK,NetSuite,EQ-COMMON-CAP,Common Equity & Retained Earnings,GBP,0.00,75000.00,-75000.00,Accumulated Depreciation / Reserve Allocation
GL-0000328,BAT-202406-MED_UK-07,2024-06-28,2024-06,MED_UK,NetSuite,FIN-TERM-INT,Growth Debt Monthly Interest Charge,GBP,130541.67,0.00,130541.67,Senior Facility Monthly Interest Charge
GL-0000329,BAT-202406-MED_UK-07,2024-06-28,2024-06,MED_UK,NetSuite,DEBT-SENIOR-FAC,Syndicated Senior Debt Tranche,GBP,180000.00,0.00,180000.00,Senior Debt Principal Amortization
GL-0000330,BAT-202406-MED_UK-07,2024-06-28,2024-06,MED_UK,NetSuite,CASH-BARCLAYS-GBP,Barclays Commercial Operating Account,GBP,0.00,310541.67,-310541.67,Cash Wire for Scheduled Debt Service
GL-0000331,BAT-202406-LOGI_EU-01,2024-06-28,2024-06,LOGI_EU,Dynamics365,1400_FORDERUNGEN,Forderungen aus Lieferungen und Leistungen,EUR,2728336.05,0.00,2728336.05,Commercial Invoicing & Billing
GL-0000332,BAT-202406-LOGI_EU-01,2024-06-28,2024-06,LOGI_EU,Dynamics365,4400_ERLOESE,Erlöse aus Logistikdienstleistungen,EUR,0.00,2728336.05,-2728336.05,Core Operating Revenue Earned
GL-0000333,BAT-202406-LOGI_EU-02,2024-06-28,2024-06,LOGI_EU,Dynamics365,1200_BANK_EUR,Deutsche Bank Geschäftsguthaben,EUR,2591919.25,0.00,2591919.25,Cash Collections from Customers
GL-0000334,BAT-202406-LOGI_EU-02,2024-06-28,2024-06,LOGI_EU,Dynamics365,1400_FORDERUNGEN,Forderungen aus Lieferungen und Leistungen,EUR,0.00,2591919.25,-2591919.25,AR Settlement from Collections
GL-0000335,BAT-202406-LOGI_EU-03,2024-06-28,2024-06,LOGI_EU,Dynamics365,5400_WARENEINSATZ,Aufwendungen für Frachten & Treibstoff,EUR,1309601.31,0.00,1309601.31,Direct Cost of Goods & Services Delivered
GL-0000336,BAT-202406-LOGI_EU-03,2024-06-28,2024-06,LOGI_EU,Dynamics365,3300_VERBINDLICHKEITEN,Verbindlichkeiten aus Lieferungen,EUR,0.00,1309601.31,-1309601.31,Vendor Invoices Received
GL-0000337,BAT-202406-LOGI_EU-04,2024-06-28,2024-06,LOGI_EU,Dynamics365,3300_VERBINDLICHKEITEN,Verbindlichkeiten aus Lieferungen,EUR,1178641.18,0.00,1178641.18,Vendor AP Disbursed
GL-0000338,BAT-202406-LOGI_EU-04,2024-06-28,2024-06,LOGI_EU,Dynamics365,1200_BANK_EUR,Deutsche Bank Geschäftsguthaben,EUR,0.00,1178641.18,-1178641.18,Operating Cash Disbursed for Direct COGS
GL-0000339,BAT-202406-LOGI_EU-05,2024-06-28,2024-06,LOGI_EU,Dynamics365,6200_PERSONALAUFWAND,Personalaufwand und allgemeine Verwaltung,EUR,657800.00,0.00,657800.00,"SG&A Payroll, Overhead & Admin Expenses"
GL-0000340,BAT-202406-LOGI_EU-05,2024-06-28,2024-06,LOGI_EU,Dynamics365,1200_BANK_EUR,Deutsche Bank Geschäftsguthaben,EUR,0.00,657800.00,-657800.00,Cash Disbursement for SG&A
GL-0000341,BAT-202406-LOGI_EU-06,2024-06-28,2024-06,LOGI_EU,Dynamics365,6500_ABSCHREIBUNGEN,Abschreibungen auf Fuhrpark und Logistik,EUR,90000.00,0.00,90000.00,Monthly Depreciation & Amortization
GL-0000342,BAT-202406-LOGI_EU-06,2024-06-28,2024-06,LOGI_EU,Dynamics365,2000_EIGENKAPITAL,Gezeichnetes Kapital und Rücklagen,EUR,0.00,90000.00,-90000.00,Accumulated Depreciation / Reserve Allocation
GL-0000343,BAT-202406-LOGI_EU-07,2024-06-28,2024-06,LOGI_EU,Dynamics365,7300_ZINSAUFWAND,Zinsaufwendungen für Darlehen,EUR,163125.00,0.00,163125.00,Senior Facility Monthly Interest Charge
GL-0000344,BAT-202406-LOGI_EU-07,2024-06-28,2024-06,LOGI_EU,Dynamics365,0630_ANLEIHEN,Langfristige Bankverbindlichkeiten,EUR,250000.00,0.00,250000.00,Senior Debt Principal Amortization
GL-0000345,BAT-202406-LOGI_EU-07,2024-06-28,2024-06,LOGI_EU,Dynamics365,1200_BANK_EUR,Deutsche Bank Geschäftsguthaben,EUR,0.00,413125.00,-413125.00,Cash Wire for Scheduled Debt Service
GL-0000346,BAT-202406-RETAIL_US-01,2024-06-28,2024-06,RETAIL_US,QuickBooks,120_Accounts_Receivable,Trade Accounts Receivable Control,USD,1250363.02,0.00,1250363.02,Commercial Invoicing & Billing
GL-0000347,BAT-202406-RETAIL_US-01,2024-06-28,2024-06,RETAIL_US,QuickBooks,401_Merch_Sales,Omnichannel Merchandise Sales,USD,0.00,1250363.02,-1250363.02,Core Operating Revenue Earned
GL-0000348,BAT-202406-RETAIL_US-02,2024-06-28,2024-06,RETAIL_US,QuickBooks,101_Operating_Checking,Chase Commercial Operating Account,USD,1187844.87,0.00,1187844.87,Cash Collections from Customers
GL-0000349,BAT-202406-RETAIL_US-02,2024-06-28,2024-06,RETAIL_US,QuickBooks,120_Accounts_Receivable,Trade Accounts Receivable Control,USD,0.00,1187844.87,-1187844.87,AR Settlement from Collections
GL-0000350,BAT-202406-RETAIL_US-03,2024-06-28,2024-06,RETAIL_US,QuickBooks,501_Cost_Goods_Sold,Cost of Goods Sold & Direct Freight,USD,550159.73,0.00,550159.73,Direct Cost of Goods & Services Delivered
GL-0000351,BAT-202406-RETAIL_US-03,2024-06-28,2024-06,RETAIL_US,QuickBooks,201_Accounts_Payable,Vendor Accounts Payable Control,USD,0.00,550159.73,-550159.73,Vendor Invoices Received
GL-0000352,BAT-202406-RETAIL_US-04,2024-06-28,2024-06,RETAIL_US,QuickBooks,201_Accounts_Payable,Vendor Accounts Payable Control,USD,495143.76,0.00,495143.76,Vendor AP Disbursed
GL-0000353,BAT-202406-RETAIL_US-04,2024-06-28,2024-06,RETAIL_US,QuickBooks,101_Operating_Checking,Chase Commercial Operating Account,USD,0.00,495143.76,-495143.76,Operating Cash Disbursed for Direct COGS
GL-0000354,BAT-202406-RETAIL_US-05,2024-06-28,2024-06,RETAIL_US,QuickBooks,601_Payroll_SG&A,"Store Payroll, Marketing, & Rent",USD,340032.00,0.00,340032.00,"SG&A Payroll, Overhead & Admin Expenses"
GL-0000355,BAT-202406-RETAIL_US-05,2024-06-28,2024-06,RETAIL_US,QuickBooks,101_Operating_Checking,Chase Commercial Operating Account,USD,0.00,340032.00,-340032.00,Cash Disbursement for SG&A
GL-0000356,BAT-202406-RETAIL_US-06,2024-06-28,2024-06,RETAIL_US,QuickBooks,680_Depreciation,Depreciation on Store Fixtures,USD,45000.00,0.00,45000.00,Monthly Depreciation & Amortization
GL-0000357,BAT-202406-RETAIL_US-06,2024-06-28,2024-06,RETAIL_US,QuickBooks,301_Owners_Equity,Shareholder Equity & Retained Earnings,USD,0.00,45000.00,-45000.00,Accumulated Depreciation / Reserve Allocation
GL-0000358,BAT-202406-RETAIL_US-07,2024-06-28,2024-06,RETAIL_US,QuickBooks,701_Interest_Expense,Revolver & Term Interest Expense,USD,96666.67,0.00,96666.67,Senior Facility Monthly Interest Charge
GL-0000359,BAT-202406-RETAIL_US-07,2024-06-28,2024-06,RETAIL_US,QuickBooks,270_Note_Payable,Asset-Based Term Loan Principal,USD,100000.00,0.00,100000.00,Senior Debt Principal Amortization
GL-0000360,BAT-202406-RETAIL_US-07,2024-06-28,2024-06,RETAIL_US,QuickBooks,101_Operating_Checking,Chase Commercial Operating Account,USD,0.00,196666.67,-196666.67,Cash Wire for Scheduled Debt Service
GL-0000361,BAT-202407-DURA_US-01,2024-07-28,2024-07,DURA_US,SAP,GL_AR_110010,Trade Accounts Receivable Commercial,USD,3686509.83,0.00,3686509.83,Commercial Invoicing & Billing
GL-0000362,BAT-202407-DURA_US-01,2024-07-28,2024-07,DURA_US,SAP,GL_REV_400010,Gross Revenue Industrial Sales,USD,0.00,3686509.83,-3686509.83,Core Operating Revenue Earned
GL-0000363,BAT-202407-DURA_US-02,2024-07-28,2024-07,DURA_US,SAP,GL_CASH_100010,JPMorgan Treasury Operating Checking,USD,3502184.34,0.00,3502184.34,Cash Collections from Customers
GL-0000364,BAT-202407-DURA_US-02,2024-07-28,2024-07,DURA_US,SAP,GL_AR_110010,Trade Accounts Receivable Commercial,USD,0.00,3502184.34,-3502184.34,AR Settlement from Collections
GL-0000365,BAT-202407-DURA_US-03,2024-07-28,2024-07,DURA_US,SAP,GL_COGS_500010,Direct Manufacturing Material & Labor,USD,1695794.52,0.00,1695794.52,Direct Cost of Goods & Services Delivered
GL-0000366,BAT-202407-DURA_US-03,2024-07-28,2024-07,DURA_US,SAP,GL_AP_200010,Trade Accounts Payable Vendors,USD,0.00,1695794.52,-1695794.52,Vendor Invoices Received
GL-0000367,BAT-202407-DURA_US-04,2024-07-28,2024-07,DURA_US,SAP,GL_AP_200010,Trade Accounts Payable Vendors,USD,1526215.07,0.00,1526215.07,Vendor AP Disbursed
GL-0000368,BAT-202407-DURA_US-04,2024-07-28,2024-07,DURA_US,SAP,GL_CASH_100010,JPMorgan Treasury Operating Checking,USD,0.00,1526215.07,-1526215.07,Operating Cash Disbursed for Direct COGS
GL-0000369,BAT-202407-DURA_US-05,2024-07-28,2024-07,DURA_US,SAP,GL_OPEX_600010,SG&A Operating Overhead & Payroll,USD,816270.00,0.00,816270.00,"SG&A Payroll, Overhead & Admin Expenses"
GL-0000370,BAT-202407-DURA_US-05,2024-07-28,2024-07,DURA_US,SAP,GL_CASH_100010,JPMorgan Treasury Operating Checking,USD,0.00,816270.00,-816270.00,Cash Disbursement for SG&A
GL-0000371,BAT-202407-DURA_US-06,2024-07-28,2024-07,DURA_US,SAP,GL_DA_700010,Plant & Machinery Depreciation,USD,120000.00,0.00,120000.00,Monthly Depreciation & Amortization
GL-0000372,BAT-202407-DURA_US-06,2024-07-28,2024-07,DURA_US,SAP,GL_EQ_300010,Retained Earnings & Contributed Surplus,USD,0.00,120000.00,-120000.00,Accumulated Depreciation / Reserve Allocation
GL-0000373,BAT-202407-DURA_US-07,2024-07-28,2024-07,DURA_US,SAP,GL_INT_800010,Senior Facility Interest Expense,USD,297500.00,0.00,297500.00,Senior Facility Monthly Interest Charge
GL-0000374,BAT-202407-DURA_US-07,2024-07-28,2024-07,DURA_US,SAP,GL_DEBT_250010,Senior Secured Term Loan Principal,USD,400000.00,0.00,400000.00,Senior Debt Principal Amortization
GL-0000375,BAT-202407-DURA_US-07,2024-07-28,2024-07,DURA_US,SAP,GL_CASH_100010,JPMorgan Treasury Operating Checking,USD,0.00,697500.00,-697500.00,Cash Wire for Scheduled Debt Service
GL-0000376,BAT-202407-MED_UK-01,2024-07-28,2024-07,MED_UK,NetSuite,AR-CUSTOMERS,B2B Subscription Receivables Control,GBP,1851234.81,0.00,1851234.81,Commercial Invoicing & Billing
GL-0000377,BAT-202407-MED_UK-01,2024-07-28,2024-07,MED_UK,NetSuite,REV-SUB-ARR,SaaS Subscription ARR Recurring Revenue,GBP,0.00,1851234.81,-1851234.81,Core Operating Revenue Earned
GL-0000378,BAT-202407-MED_UK-02,2024-07-28,2024-07,MED_UK,NetSuite,CASH-BARCLAYS-GBP,Barclays Commercial Operating Account,GBP,1758673.07,0.00,1758673.07,Cash Collections from Customers
GL-0000379,BAT-202407-MED_UK-02,2024-07-28,2024-07,MED_UK,NetSuite,AR-CUSTOMERS,B2B Subscription Receivables Control,GBP,0.00,1758673.07,-1758673.07,AR Settlement from Collections
GL-0000380,BAT-202407-MED_UK-03,2024-07-28,2024-07,MED_UK,NetSuite,COGS-HOST-AWS,AWS Hosting & Direct Infrastructure,GBP,592395.14,0.00,592395.14,Direct Cost of Goods & Services Delivered
GL-0000381,BAT-202407-MED_UK-03,2024-07-28,2024-07,MED_UK,NetSuite,AP-VENDORS,Trade Accounts Payable Vendor Ledger,GBP,0.00,592395.14,-592395.14,Vendor Invoices Received
GL-0000382,BAT-202407-MED_UK-04,2024-07-28,2024-07,MED_UK,NetSuite,AP-VENDORS,Trade Accounts Payable Vendor Ledger,GBP,533155.63,0.00,533155.63,Vendor AP Disbursed
GL-0000383,BAT-202407-MED_UK-04,2024-07-28,2024-07,MED_UK,NetSuite,CASH-BARCLAYS-GBP,Barclays Commercial Operating Account,GBP,0.00,533155.63,-533155.63,Operating Cash Disbursed for Direct COGS
GL-0000384,BAT-202407-MED_UK-05,2024-07-28,2024-07,MED_UK,NetSuite,OPEX-SALES-MKTG,"Sales, Marketing, R&D and Admin",GBP,638820.00,0.00,638820.00,"SG&A Payroll, Overhead & Admin Expenses"
GL-0000385,BAT-202407-MED_UK-05,2024-07-28,2024-07,MED_UK,NetSuite,CASH-BARCLAYS-GBP,Barclays Commercial Operating Account,GBP,0.00,638820.00,-638820.00,Cash Disbursement for SG&A
GL-0000386,BAT-202407-MED_UK-06,2024-07-28,2024-07,MED_UK,NetSuite,DA-SERVER-AMORT,Capitalized Software Amortization,GBP,75000.00,0.00,75000.00,Monthly Depreciation & Amortization
GL-0000387,BAT-202407-MED_UK-06,2024-07-28,2024-07,MED_UK,NetSuite,EQ-COMMON-CAP,Common Equity & Retained Earnings,GBP,0.00,75000.00,-75000.00,Accumulated Depreciation / Reserve Allocation
GL-0000388,BAT-202407-MED_UK-07,2024-07-28,2024-07,MED_UK,NetSuite,FIN-TERM-INT,Growth Debt Monthly Interest Charge,GBP,129566.67,0.00,129566.67,Senior Facility Monthly Interest Charge
GL-0000389,BAT-202407-MED_UK-07,2024-07-28,2024-07,MED_UK,NetSuite,DEBT-SENIOR-FAC,Syndicated Senior Debt Tranche,GBP,180000.00,0.00,180000.00,Senior Debt Principal Amortization
GL-0000390,BAT-202407-MED_UK-07,2024-07-28,2024-07,MED_UK,NetSuite,CASH-BARCLAYS-GBP,Barclays Commercial Operating Account,GBP,0.00,309566.67,-309566.67,Cash Wire for Scheduled Debt Service
GL-0000391,BAT-202407-LOGI_EU-01,2024-07-28,2024-07,LOGI_EU,Dynamics365,1400_FORDERUNGEN,Forderungen aus Lieferungen und Leistungen,EUR,2648645.57,0.00,2648645.57,Commercial Invoicing & Billing
GL-0000392,BAT-202407-LOGI_EU-01,2024-07-28,2024-07,LOGI_EU,Dynamics365,4400_ERLOESE,Erlöse aus Logistikdienstleistungen,EUR,0.00,2648645.57,-2648645.57,Core Operating Revenue Earned
GL-0000393,BAT-202407-LOGI_EU-02,2024-07-28,2024-07,LOGI_EU,Dynamics365,1200_BANK_EUR,Deutsche Bank Geschäftsguthaben,EUR,2516213.29,0.00,2516213.29,Cash Collections from Customers
GL-0000394,BAT-202407-LOGI_EU-02,2024-07-28,2024-07,LOGI_EU,Dynamics365,1400_FORDERUNGEN,Forderungen aus Lieferungen und Leistungen,EUR,0.00,2516213.29,-2516213.29,AR Settlement from Collections
GL-0000395,BAT-202407-LOGI_EU-03,2024-07-28,2024-07,LOGI_EU,Dynamics365,5400_WARENEINSATZ,Aufwendungen für Frachten & Treibstoff,EUR,1271349.87,0.00,1271349.87,Direct Cost of Goods & Services Delivered
GL-0000396,BAT-202407-LOGI_EU-03,2024-07-28,2024-07,LOGI_EU,Dynamics365,3300_VERBINDLICHKEITEN,Verbindlichkeiten aus Lieferungen,EUR,0.00,1271349.87,-1271349.87,Vendor Invoices Received
GL-0000397,BAT-202407-LOGI_EU-04,2024-07-28,2024-07,LOGI_EU,Dynamics365,3300_VERBINDLICHKEITEN,Verbindlichkeiten aus Lieferungen,EUR,1144214.88,0.00,1144214.88,Vendor AP Disbursed
GL-0000398,BAT-202407-LOGI_EU-04,2024-07-28,2024-07,LOGI_EU,Dynamics365,1200_BANK_EUR,Deutsche Bank Geschäftsguthaben,EUR,0.00,1144214.88,-1144214.88,Operating Cash Disbursed for Direct COGS
GL-0000399,BAT-202407-LOGI_EU-05,2024-07-28,2024-07,LOGI_EU,Dynamics365,6200_PERSONALAUFWAND,Personalaufwand und allgemeine Verwaltung,EUR,659100.00,0.00,659100.00,"SG&A Payroll, Overhead & Admin Expenses"
GL-0000400,BAT-202407-LOGI_EU-05,2024-07-28,2024-07,LOGI_EU,Dynamics365,1200_BANK_EUR,Deutsche Bank Geschäftsguthaben,EUR,0.00,659100.00,-659100.00,Cash Disbursement for SG&A
GL-0000401,BAT-202407-LOGI_EU-06,2024-07-28,2024-07,LOGI_EU,Dynamics365,6500_ABSCHREIBUNGEN,Abschreibungen auf Fuhrpark und Logistik,EUR,90000.00,0.00,90000.00,Monthly Depreciation & Amortization
GL-0000402,BAT-202407-LOGI_EU-06,2024-07-28,2024-07,LOGI_EU,Dynamics365,2000_EIGENKAPITAL,Gezeichnetes Kapital und Rücklagen,EUR,0.00,90000.00,-90000.00,Accumulated Depreciation / Reserve Allocation
GL-0000403,BAT-202407-LOGI_EU-07,2024-07-28,2024-07,LOGI_EU,Dynamics365,7300_ZINSAUFWAND,Zinsaufwendungen für Darlehen,EUR,161916.67,0.00,161916.67,Senior Facility Monthly Interest Charge
GL-0000404,BAT-202407-LOGI_EU-07,2024-07-28,2024-07,LOGI_EU,Dynamics365,0630_ANLEIHEN,Langfristige Bankverbindlichkeiten,EUR,250000.00,0.00,250000.00,Senior Debt Principal Amortization
GL-0000405,BAT-202407-LOGI_EU-07,2024-07-28,2024-07,LOGI_EU,Dynamics365,1200_BANK_EUR,Deutsche Bank Geschäftsguthaben,EUR,0.00,411916.67,-411916.67,Cash Wire for Scheduled Debt Service
GL-0000406,BAT-202407-RETAIL_US-01,2024-07-28,2024-07,RETAIL_US,QuickBooks,120_Accounts_Receivable,Trade Accounts Receivable Control,USD,1222642.39,0.00,1222642.39,Commercial Invoicing & Billing
GL-0000407,BAT-202407-RETAIL_US-01,2024-07-28,2024-07,RETAIL_US,QuickBooks,401_Merch_Sales,Omnichannel Merchandise Sales,USD,0.00,1222642.39,-1222642.39,Core Operating Revenue Earned
GL-0000408,BAT-202407-RETAIL_US-02,2024-07-28,2024-07,RETAIL_US,QuickBooks,101_Operating_Checking,Chase Commercial Operating Account,USD,1161510.27,0.00,1161510.27,Cash Collections from Customers
GL-0000409,BAT-202407-RETAIL_US-02,2024-07-28,2024-07,RETAIL_US,QuickBooks,120_Accounts_Receivable,Trade Accounts Receivable Control,USD,0.00,1161510.27,-1161510.27,AR Settlement from Collections
GL-0000410,BAT-202407-RETAIL_US-03,2024-07-28,2024-07,RETAIL_US,QuickBooks,501_Cost_Goods_Sold,Cost of Goods Sold & Direct Freight,USD,537962.65,0.00,537962.65,Direct Cost of Goods & Services Delivered
GL-0000411,BAT-202407-RETAIL_US-03,2024-07-28,2024-07,RETAIL_US,QuickBooks,201_Accounts_Payable,Vendor Accounts Payable Control,USD,0.00,537962.65,-537962.65,Vendor Invoices Received
GL-0000412,BAT-202407-RETAIL_US-04,2024-07-28,2024-07,RETAIL_US,QuickBooks,201_Accounts_Payable,Vendor Accounts Payable Control,USD,484166.38,0.00,484166.38,Vendor AP Disbursed
GL-0000413,BAT-202407-RETAIL_US-04,2024-07-28,2024-07,RETAIL_US,QuickBooks,101_Operating_Checking,Chase Commercial Operating Account,USD,0.00,484166.38,-484166.38,Operating Cash Disbursed for Direct COGS
GL-0000414,BAT-202407-RETAIL_US-05,2024-07-28,2024-07,RETAIL_US,QuickBooks,601_Payroll_SG&A,"Store Payroll, Marketing, & Rent",USD,340704.00,0.00,340704.00,"SG&A Payroll, Overhead & Admin Expenses"
GL-0000415,BAT-202407-RETAIL_US-05,2024-07-28,2024-07,RETAIL_US,QuickBooks,101_Operating_Checking,Chase Commercial Operating Account,USD,0.00,340704.00,-340704.00,Cash Disbursement for SG&A
GL-0000416,BAT-202407-RETAIL_US-06,2024-07-28,2024-07,RETAIL_US,QuickBooks,680_Depreciation,Depreciation on Store Fixtures,USD,45000.00,0.00,45000.00,Monthly Depreciation & Amortization
GL-0000417,BAT-202407-RETAIL_US-06,2024-07-28,2024-07,RETAIL_US,QuickBooks,301_Owners_Equity,Shareholder Equity & Retained Earnings,USD,0.00,45000.00,-45000.00,Accumulated Depreciation / Reserve Allocation
GL-0000418,BAT-202407-RETAIL_US-07,2024-07-28,2024-07,RETAIL_US,QuickBooks,701_Interest_Expense,Revolver & Term Interest Expense,USD,96000.00,0.00,96000.00,Senior Facility Monthly Interest Charge
GL-0000419,BAT-202407-RETAIL_US-07,2024-07-28,2024-07,RETAIL_US,QuickBooks,270_Note_Payable,Asset-Based Term Loan Principal,USD,100000.00,0.00,100000.00,Senior Debt Principal Amortization
GL-0000420,BAT-202407-RETAIL_US-07,2024-07-28,2024-07,RETAIL_US,QuickBooks,101_Operating_Checking,Chase Commercial Operating Account,USD,0.00,196000.00,-196000.00,Cash Wire for Scheduled Debt Service
GL-0000421,BAT-202408-DURA_US-01,2024-08-28,2024-08,DURA_US,SAP,GL_AR_110010,Trade Accounts Receivable Commercial,USD,3597649.21,0.00,3597649.21,Commercial Invoicing & Billing
GL-0000422,BAT-202408-DURA_US-01,2024-08-28,2024-08,DURA_US,SAP,GL_REV_400010,Gross Revenue Industrial Sales,USD,0.00,3597649.21,-3597649.21,Core Operating Revenue Earned
GL-0000423,BAT-202408-DURA_US-02,2024-08-28,2024-08,DURA_US,SAP,GL_CASH_100010,JPMorgan Treasury Operating Checking,USD,3417766.75,0.00,3417766.75,Cash Collections from Customers
GL-0000424,BAT-202408-DURA_US-02,2024-08-28,2024-08,DURA_US,SAP,GL_AR_110010,Trade Accounts Receivable Commercial,USD,0.00,3417766.75,-3417766.75,AR Settlement from Collections
GL-0000425,BAT-202408-DURA_US-03,2024-08-28,2024-08,DURA_US,SAP,GL_COGS_500010,Direct Manufacturing Material & Labor,USD,1654918.64,0.00,1654918.64,Direct Cost of Goods & Services Delivered
GL-0000426,BAT-202408-DURA_US-03,2024-08-28,2024-08,DURA_US,SAP,GL_AP_200010,Trade Accounts Payable Vendors,USD,0.00,1654918.64,-1654918.64,Vendor Invoices Received
GL-0000427,BAT-202408-DURA_US-04,2024-08-28,2024-08,DURA_US,SAP,GL_AP_200010,Trade Accounts Payable Vendors,USD,1489426.78,0.00,1489426.78,Vendor AP Disbursed
GL-0000428,BAT-202408-DURA_US-04,2024-08-28,2024-08,DURA_US,SAP,GL_CASH_100010,JPMorgan Treasury Operating Checking,USD,0.00,1489426.78,-1489426.78,Operating Cash Disbursed for Direct COGS
GL-0000429,BAT-202408-DURA_US-05,2024-08-28,2024-08,DURA_US,SAP,GL_OPEX_600010,SG&A Operating Overhead & Payroll,USD,817880.00,0.00,817880.00,"SG&A Payroll, Overhead & Admin Expenses"
GL-0000430,BAT-202408-DURA_US-05,2024-08-28,2024-08,DURA_US,SAP,GL_CASH_100010,JPMorgan Treasury Operating Checking,USD,0.00,817880.00,-817880.00,Cash Disbursement for SG&A
GL-0000431,BAT-202408-DURA_US-06,2024-08-28,2024-08,DURA_US,SAP,GL_DA_700010,Plant & Machinery Depreciation,USD,120000.00,0.00,120000.00,Monthly Depreciation & Amortization
GL-0000432,BAT-202408-DURA_US-06,2024-08-28,2024-08,DURA_US,SAP,GL_EQ_300010,Retained Earnings & Contributed Surplus,USD,0.00,120000.00,-120000.00,Accumulated Depreciation / Reserve Allocation
GL-0000433,BAT-202408-DURA_US-07,2024-08-28,2024-08,DURA_US,SAP,GL_INT_800010,Senior Facility Interest Expense,USD,295000.00,0.00,295000.00,Senior Facility Monthly Interest Charge
GL-0000434,BAT-202408-DURA_US-07,2024-08-28,2024-08,DURA_US,SAP,GL_DEBT_250010,Senior Secured Term Loan Principal,USD,400000.00,0.00,400000.00,Senior Debt Principal Amortization
GL-0000435,BAT-202408-DURA_US-07,2024-08-28,2024-08,DURA_US,SAP,GL_CASH_100010,JPMorgan Treasury Operating Checking,USD,0.00,695000.00,-695000.00,Cash Wire for Scheduled Debt Service
GL-0000436,BAT-202408-MED_UK-01,2024-08-28,2024-08,MED_UK,NetSuite,AR-CUSTOMERS,B2B Subscription Receivables Control,GBP,1832668.27,0.00,1832668.27,Commercial Invoicing & Billing
GL-0000437,BAT-202408-MED_UK-01,2024-08-28,2024-08,MED_UK,NetSuite,REV-SUB-ARR,SaaS Subscription ARR Recurring Revenue,GBP,0.00,1832668.27,-1832668.27,Core Operating Revenue Earned
GL-0000438,BAT-202408-MED_UK-02,2024-08-28,2024-08,MED_UK,NetSuite,CASH-BARCLAYS-GBP,Barclays Commercial Operating Account,GBP,1741034.86,0.00,1741034.86,Cash Collections from Customers
GL-0000439,BAT-202408-MED_UK-02,2024-08-28,2024-08,MED_UK,NetSuite,AR-CUSTOMERS,B2B Subscription Receivables Control,GBP,0.00,1741034.86,-1741034.86,AR Settlement from Collections
GL-0000440,BAT-202408-MED_UK-03,2024-08-28,2024-08,MED_UK,NetSuite,COGS-HOST-AWS,AWS Hosting & Direct Infrastructure,GBP,586453.85,0.00,586453.85,Direct Cost of Goods & Services Delivered
GL-0000441,BAT-202408-MED_UK-03,2024-08-28,2024-08,MED_UK,NetSuite,AP-VENDORS,Trade Accounts Payable Vendor Ledger,GBP,0.00,586453.85,-586453.85,Vendor Invoices Received
GL-0000442,BAT-202408-MED_UK-04,2024-08-28,2024-08,MED_UK,NetSuite,AP-VENDORS,Trade Accounts Payable Vendor Ledger,GBP,527808.46,0.00,527808.46,Vendor AP Disbursed
GL-0000443,BAT-202408-MED_UK-04,2024-08-28,2024-08,MED_UK,NetSuite,CASH-BARCLAYS-GBP,Barclays Commercial Operating Account,GBP,0.00,527808.46,-527808.46,Operating Cash Disbursed for Direct COGS
GL-0000444,BAT-202408-MED_UK-05,2024-08-28,2024-08,MED_UK,NetSuite,OPEX-SALES-MKTG,"Sales, Marketing, R&D and Admin",GBP,640080.00,0.00,640080.00,"SG&A Payroll, Overhead & Admin Expenses"
GL-0000445,BAT-202408-MED_UK-05,2024-08-28,2024-08,MED_UK,NetSuite,CASH-BARCLAYS-GBP,Barclays Commercial Operating Account,GBP,0.00,640080.00,-640080.00,Cash Disbursement for SG&A
GL-0000446,BAT-202408-MED_UK-06,2024-08-28,2024-08,MED_UK,NetSuite,DA-SERVER-AMORT,Capitalized Software Amortization,GBP,75000.00,0.00,75000.00,Monthly Depreciation & Amortization
GL-0000447,BAT-202408-MED_UK-06,2024-08-28,2024-08,MED_UK,NetSuite,EQ-COMMON-CAP,Common Equity & Retained Earnings,GBP,0.00,75000.00,-75000.00,Accumulated Depreciation / Reserve Allocation
GL-0000448,BAT-202408-MED_UK-07,2024-08-28,2024-08,MED_UK,NetSuite,FIN-TERM-INT,Growth Debt Monthly Interest Charge,GBP,128591.67,0.00,128591.67,Senior Facility Monthly Interest Charge
GL-0000449,BAT-202408-MED_UK-07,2024-08-28,2024-08,MED_UK,NetSuite,DEBT-SENIOR-FAC,Syndicated Senior Debt Tranche,GBP,180000.00,0.00,180000.00,Senior Debt Principal Amortization
GL-0000450,BAT-202408-MED_UK-07,2024-08-28,2024-08,MED_UK,NetSuite,CASH-BARCLAYS-GBP,Barclays Commercial Operating Account,GBP,0.00,308591.67,-308591.67,Cash Wire for Scheduled Debt Service
GL-0000451,BAT-202408-LOGI_EU-01,2024-08-28,2024-08,LOGI_EU,Dynamics365,1400_FORDERUNGEN,Forderungen aus Lieferungen und Leistungen,EUR,2668341.34,0.00,2668341.34,Commercial Invoicing & Billing
GL-0000452,BAT-202408-LOGI_EU-01,2024-08-28,2024-08,LOGI_EU,Dynamics365,4400_ERLOESE,Erlöse aus Logistikdienstleistungen,EUR,0.00,2668341.34,-2668341.34,Core Operating Revenue Earned
GL-0000453,BAT-202408-LOGI_EU-02,2024-08-28,2024-08,LOGI_EU,Dynamics365,1200_BANK_EUR,Deutsche Bank Geschäftsguthaben,EUR,2534924.27,0.00,2534924.27,Cash Collections from Customers
GL-0000454,BAT-202408-LOGI_EU-02,2024-08-28,2024-08,LOGI_EU,Dynamics365,1400_FORDERUNGEN,Forderungen aus Lieferungen und Leistungen,EUR,0.00,2534924.27,-2534924.27,AR Settlement from Collections
GL-0000455,BAT-202408-LOGI_EU-03,2024-08-28,2024-08,LOGI_EU,Dynamics365,5400_WARENEINSATZ,Aufwendungen für Frachten & Treibstoff,EUR,1280803.84,0.00,1280803.84,Direct Cost of Goods & Services Delivered
GL-0000456,BAT-202408-LOGI_EU-03,2024-08-28,2024-08,LOGI_EU,Dynamics365,3300_VERBINDLICHKEITEN,Verbindlichkeiten aus Lieferungen,EUR,0.00,1280803.84,-1280803.84,Vendor Invoices Received
GL-0000457,BAT-202408-LOGI_EU-04,2024-08-28,2024-08,LOGI_EU,Dynamics365,3300_VERBINDLICHKEITEN,Verbindlichkeiten aus Lieferungen,EUR,1152723.46,0.00,1152723.46,Vendor AP Disbursed
GL-0000458,BAT-202408-LOGI_EU-04,2024-08-28,2024-08,LOGI_EU,Dynamics365,1200_BANK_EUR,Deutsche Bank Geschäftsguthaben,EUR,0.00,1152723.46,-1152723.46,Operating Cash Disbursed for Direct COGS
GL-0000459,BAT-202408-LOGI_EU-05,2024-08-28,2024-08,LOGI_EU,Dynamics365,6200_PERSONALAUFWAND,Personalaufwand und allgemeine Verwaltung,EUR,660400.00,0.00,660400.00,"SG&A Payroll, Overhead & Admin Expenses"
GL-0000460,BAT-202408-LOGI_EU-05,2024-08-28,2024-08,LOGI_EU,Dynamics365,1200_BANK_EUR,Deutsche Bank Geschäftsguthaben,EUR,0.00,660400.00,-660400.00,Cash Disbursement for SG&A
GL-0000461,BAT-202408-LOGI_EU-06,2024-08-28,2024-08,LOGI_EU,Dynamics365,6500_ABSCHREIBUNGEN,Abschreibungen auf Fuhrpark und Logistik,EUR,90000.00,0.00,90000.00,Monthly Depreciation & Amortization
GL-0000462,BAT-202408-LOGI_EU-06,2024-08-28,2024-08,LOGI_EU,Dynamics365,2000_EIGENKAPITAL,Gezeichnetes Kapital und Rücklagen,EUR,0.00,90000.00,-90000.00,Accumulated Depreciation / Reserve Allocation
GL-0000463,BAT-202408-LOGI_EU-07,2024-08-28,2024-08,LOGI_EU,Dynamics365,7300_ZINSAUFWAND,Zinsaufwendungen für Darlehen,EUR,160708.33,0.00,160708.33,Senior Facility Monthly Interest Charge
GL-0000464,BAT-202408-LOGI_EU-07,2024-08-28,2024-08,LOGI_EU,Dynamics365,0630_ANLEIHEN,Langfristige Bankverbindlichkeiten,EUR,250000.00,0.00,250000.00,Senior Debt Principal Amortization
GL-0000465,BAT-202408-LOGI_EU-07,2024-08-28,2024-08,LOGI_EU,Dynamics365,1200_BANK_EUR,Deutsche Bank Geschäftsguthaben,EUR,0.00,410708.33,-410708.33,Cash Wire for Scheduled Debt Service
GL-0000466,BAT-202408-RETAIL_US-01,2024-08-28,2024-08,RETAIL_US,QuickBooks,120_Accounts_Receivable,Trade Accounts Receivable Control,USD,1227827.13,0.00,1227827.13,Commercial Invoicing & Billing
GL-0000467,BAT-202408-RETAIL_US-01,2024-08-28,2024-08,RETAIL_US,QuickBooks,401_Merch_Sales,Omnichannel Merchandise Sales,USD,0.00,1227827.13,-1227827.13,Core Operating Revenue Earned
GL-0000468,BAT-202408-RETAIL_US-02,2024-08-28,2024-08,RETAIL_US,QuickBooks,101_Operating_Checking,Chase Commercial Operating Account,USD,1166435.77,0.00,1166435.77,Cash Collections from Customers
GL-0000469,BAT-202408-RETAIL_US-02,2024-08-28,2024-08,RETAIL_US,QuickBooks,120_Accounts_Receivable,Trade Accounts Receivable Control,USD,0.00,1166435.77,-1166435.77,AR Settlement from Collections
GL-0000470,BAT-202408-RETAIL_US-03,2024-08-28,2024-08,RETAIL_US,QuickBooks,501_Cost_Goods_Sold,Cost of Goods Sold & Direct Freight,USD,540243.94,0.00,540243.94,Direct Cost of Goods & Services Delivered
GL-0000471,BAT-202408-RETAIL_US-03,2024-08-28,2024-08,RETAIL_US,QuickBooks,201_Accounts_Payable,Vendor Accounts Payable Control,USD,0.00,540243.94,-540243.94,Vendor Invoices Received
GL-0000472,BAT-202408-RETAIL_US-04,2024-08-28,2024-08,RETAIL_US,QuickBooks,201_Accounts_Payable,Vendor Accounts Payable Control,USD,486219.55,0.00,486219.55,Vendor AP Disbursed
GL-0000473,BAT-202408-RETAIL_US-04,2024-08-28,2024-08,RETAIL_US,QuickBooks,101_Operating_Checking,Chase Commercial Operating Account,USD,0.00,486219.55,-486219.55,Operating Cash Disbursed for Direct COGS
GL-0000474,BAT-202408-RETAIL_US-05,2024-08-28,2024-08,RETAIL_US,QuickBooks,601_Payroll_SG&A,"Store Payroll, Marketing, & Rent",USD,341376.00,0.00,341376.00,"SG&A Payroll, Overhead & Admin Expenses"
GL-0000475,BAT-202408-RETAIL_US-05,2024-08-28,2024-08,RETAIL_US,QuickBooks,101_Operating_Checking,Chase Commercial Operating Account,USD,0.00,341376.00,-341376.00,Cash Disbursement for SG&A
GL-0000476,BAT-202408-RETAIL_US-06,2024-08-28,2024-08,RETAIL_US,QuickBooks,680_Depreciation,Depreciation on Store Fixtures,USD,45000.00,0.00,45000.00,Monthly Depreciation & Amortization
GL-0000477,BAT-202408-RETAIL_US-06,2024-08-28,2024-08,RETAIL_US,QuickBooks,301_Owners_Equity,Shareholder Equity & Retained Earnings,USD,0.00,45000.00,-45000.00,Accumulated Depreciation / Reserve Allocation
GL-0000478,BAT-202408-RETAIL_US-07,2024-08-28,2024-08,RETAIL_US,QuickBooks,701_Interest_Expense,Revolver & Term Interest Expense,USD,95333.33,0.00,95333.33,Senior Facility Monthly Interest Charge
GL-0000479,BAT-202408-RETAIL_US-07,2024-08-28,2024-08,RETAIL_US,QuickBooks,270_Note_Payable,Asset-Based Term Loan Principal,USD,100000.00,0.00,100000.00,Senior Debt Principal Amortization
GL-0000480,BAT-202408-RETAIL_US-07,2024-08-28,2024-08,RETAIL_US,QuickBooks,101_Operating_Checking,Chase Commercial Operating Account,USD,0.00,195333.33,-195333.33,Cash Wire for Scheduled Debt Service
GL-0000481,BAT-202409-DURA_US-01,2024-09-28,2024-09,DURA_US,SAP,GL_AR_110010,Trade Accounts Receivable Commercial,USD,3504197.54,0.00,3504197.54,Commercial Invoicing & Billing
GL-0000482,BAT-202409-DURA_US-01,2024-09-28,2024-09,DURA_US,SAP,GL_REV_400010,Gross Revenue Industrial Sales,USD,0.00,3504197.54,-3504197.54,Core Operating Revenue Earned
GL-0000483,BAT-202409-DURA_US-02,2024-09-28,2024-09,DURA_US,SAP,GL_CASH_100010,JPMorgan Treasury Operating Checking,USD,3328987.66,0.00,3328987.66,Cash Collections from Customers
GL-0000484,BAT-202409-DURA_US-02,2024-09-28,2024-09,DURA_US,SAP,GL_AR_110010,Trade Accounts Receivable Commercial,USD,0.00,3328987.66,-3328987.66,AR Settlement from Collections
GL-0000485,BAT-202409-DURA_US-03,2024-09-28,2024-09,DURA_US,SAP,GL_COGS_500010,Direct Manufacturing Material & Labor,USD,1611930.87,0.00,1611930.87,Direct Cost of Goods & Services Delivered
GL-0000486,BAT-202409-DURA_US-03,2024-09-28,2024-09,DURA_US,SAP,GL_AP_200010,Trade Accounts Payable Vendors,USD,0.00,1611930.87,-1611930.87,Vendor Invoices Received
GL-0000487,BAT-202409-DURA_US-04,2024-09-28,2024-09,DURA_US,SAP,GL_AP_200010,Trade Accounts Payable Vendors,USD,1450737.78,0.00,1450737.78,Vendor AP Disbursed
GL-0000488,BAT-202409-DURA_US-04,2024-09-28,2024-09,DURA_US,SAP,GL_CASH_100010,JPMorgan Treasury Operating Checking,USD,0.00,1450737.78,-1450737.78,Operating Cash Disbursed for Direct COGS
GL-0000489,BAT-202409-DURA_US-05,2024-09-28,2024-09,DURA_US,SAP,GL_OPEX_600010,SG&A Operating Overhead & Payroll,USD,819490.00,0.00,819490.00,"SG&A Payroll, Overhead & Admin Expenses"
GL-0000490,BAT-202409-DURA_US-05,2024-09-28,2024-09,DURA_US,SAP,GL_CASH_100010,JPMorgan Treasury Operating Checking,USD,0.00,819490.00,-819490.00,Cash Disbursement for SG&A
GL-0000491,BAT-202409-DURA_US-06,2024-09-28,2024-09,DURA_US,SAP,GL_DA_700010,Plant & Machinery Depreciation,USD,120000.00,0.00,120000.00,Monthly Depreciation & Amortization
GL-0000492,BAT-202409-DURA_US-06,2024-09-28,2024-09,DURA_US,SAP,GL_EQ_300010,Retained Earnings & Contributed Surplus,USD,0.00,120000.00,-120000.00,Accumulated Depreciation / Reserve Allocation
GL-0000493,BAT-202409-DURA_US-07,2024-09-28,2024-09,DURA_US,SAP,GL_INT_800010,Senior Facility Interest Expense,USD,292500.00,0.00,292500.00,Senior Facility Monthly Interest Charge
GL-0000494,BAT-202409-DURA_US-07,2024-09-28,2024-09,DURA_US,SAP,GL_DEBT_250010,Senior Secured Term Loan Principal,USD,400000.00,0.00,400000.00,Senior Debt Principal Amortization
GL-0000495,BAT-202409-DURA_US-07,2024-09-28,2024-09,DURA_US,SAP,GL_CASH_100010,JPMorgan Treasury Operating Checking,USD,0.00,692500.00,-692500.00,Cash Wire for Scheduled Debt Service
GL-0000496,BAT-202409-MED_UK-01,2024-09-28,2024-09,MED_UK,NetSuite,AR-CUSTOMERS,B2B Subscription Receivables Control,GBP,1833614.65,0.00,1833614.65,Commercial Invoicing & Billing
GL-0000497,BAT-202409-MED_UK-01,2024-09-28,2024-09,MED_UK,NetSuite,REV-SUB-ARR,SaaS Subscription ARR Recurring Revenue,GBP,0.00,1833614.65,-1833614.65,Core Operating Revenue Earned
GL-0000498,BAT-202409-MED_UK-02,2024-09-28,2024-09,MED_UK,NetSuite,CASH-BARCLAYS-GBP,Barclays Commercial Operating Account,GBP,1741933.92,0.00,1741933.92,Cash Collections from Customers
GL-0000499,BAT-202409-MED_UK-02,2024-09-28,2024-09,MED_UK,NetSuite,AR-CUSTOMERS,B2B Subscription Receivables Control,GBP,0.00,1741933.92,-1741933.92,AR Settlement from Collections
GL-0000500,BAT-202409-MED_UK-03,2024-09-28,2024-09,MED_UK,NetSuite,COGS-HOST-AWS,AWS Hosting & Direct Infrastructure,GBP,586756.69,0.00,586756.69,Direct Cost of Goods & Services Delivered
GL-0000501,BAT-202409-MED_UK-03,2024-09-28,2024-09,MED_UK,NetSuite,AP-VENDORS,Trade Accounts Payable Vendor Ledger,GBP,0.00,586756.69,-586756.69,Vendor Invoices Received
GL-0000502,BAT-202409-MED_UK-04,2024-09-28,2024-09,MED_UK,NetSuite,AP-VENDORS,Trade Accounts Payable Vendor Ledger,GBP,528081.02,0.00,528081.02,Vendor AP Disbursed
GL-0000503,BAT-202409-MED_UK-04,2024-09-28,2024-09,MED_UK,NetSuite,CASH-BARCLAYS-GBP,Barclays Commercial Operating Account,GBP,0.00,528081.02,-528081.02,Operating Cash Disbursed for Direct COGS
GL-0000504,BAT-202409-MED_UK-05,2024-09-28,2024-09,MED_UK,NetSuite,OPEX-SALES-MKTG,"Sales, Marketing, R&D and Admin",GBP,641340.00,0.00,641340.00,"SG&A Payroll, Overhead & Admin Expenses"
GL-0000505,BAT-202409-MED_UK-05,2024-09-28,2024-09,MED_UK,NetSuite,CASH-BARCLAYS-GBP,Barclays Commercial Operating Account,GBP,0.00,641340.00,-641340.00,Cash Disbursement for SG&A
GL-0000506,BAT-202409-MED_UK-06,2024-09-28,2024-09,MED_UK,NetSuite,DA-SERVER-AMORT,Capitalized Software Amortization,GBP,75000.00,0.00,75000.00,Monthly Depreciation & Amortization
GL-0000507,BAT-202409-MED_UK-06,2024-09-28,2024-09,MED_UK,NetSuite,EQ-COMMON-CAP,Common Equity & Retained Earnings,GBP,0.00,75000.00,-75000.00,Accumulated Depreciation / Reserve Allocation
GL-0000508,BAT-202409-MED_UK-07,2024-09-28,2024-09,MED_UK,NetSuite,FIN-TERM-INT,Growth Debt Monthly Interest Charge,GBP,127616.67,0.00,127616.67,Senior Facility Monthly Interest Charge
GL-0000509,BAT-202409-MED_UK-07,2024-09-28,2024-09,MED_UK,NetSuite,DEBT-SENIOR-FAC,Syndicated Senior Debt Tranche,GBP,180000.00,0.00,180000.00,Senior Debt Principal Amortization
GL-0000510,BAT-202409-MED_UK-07,2024-09-28,2024-09,MED_UK,NetSuite,CASH-BARCLAYS-GBP,Barclays Commercial Operating Account,GBP,0.00,307616.67,-307616.67,Cash Wire for Scheduled Debt Service
GL-0000511,BAT-202409-LOGI_EU-01,2024-09-28,2024-09,LOGI_EU,Dynamics365,1400_FORDERUNGEN,Forderungen aus Lieferungen und Leistungen,EUR,2586718.02,0.00,2586718.02,Commercial Invoicing & Billing
GL-0000512,BAT-202409-LOGI_EU-01,2024-09-28,2024-09,LOGI_EU,Dynamics365,4400_ERLOESE,Erlöse aus Logistikdienstleistungen,EUR,0.00,2586718.02,-2586718.02,Core Operating Revenue Earned
GL-0000513,BAT-202409-LOGI_EU-02,2024-09-28,2024-09,LOGI_EU,Dynamics365,1200_BANK_EUR,Deutsche Bank Geschäftsguthaben,EUR,2457382.12,0.00,2457382.12,Cash Collections from Customers
GL-0000514,BAT-202409-LOGI_EU-02,2024-09-28,2024-09,LOGI_EU,Dynamics365,1400_FORDERUNGEN,Forderungen aus Lieferungen und Leistungen,EUR,0.00,2457382.12,-2457382.12,AR Settlement from Collections
GL-0000515,BAT-202409-LOGI_EU-03,2024-09-28,2024-09,LOGI_EU,Dynamics365,5400_WARENEINSATZ,Aufwendungen für Frachten & Treibstoff,EUR,1241624.65,0.00,1241624.65,Direct Cost of Goods & Services Delivered
GL-0000516,BAT-202409-LOGI_EU-03,2024-09-28,2024-09,LOGI_EU,Dynamics365,3300_VERBINDLICHKEITEN,Verbindlichkeiten aus Lieferungen,EUR,0.00,1241624.65,-1241624.65,Vendor Invoices Received
GL-0000517,BAT-202409-LOGI_EU-04,2024-09-28,2024-09,LOGI_EU,Dynamics365,3300_VERBINDLICHKEITEN,Verbindlichkeiten aus Lieferungen,EUR,1117462.18,0.00,1117462.18,Vendor AP Disbursed
GL-0000518,BAT-202409-LOGI_EU-04,2024-09-28,2024-09,LOGI_EU,Dynamics365,1200_BANK_EUR,Deutsche Bank Geschäftsguthaben,EUR,0.00,1117462.18,-1117462.18,Operating Cash Disbursed for Direct COGS
GL-0000519,BAT-202409-LOGI_EU-05,2024-09-28,2024-09,LOGI_EU,Dynamics365,6200_PERSONALAUFWAND,Personalaufwand und allgemeine Verwaltung,EUR,661700.00,0.00,661700.00,"SG&A Payroll, Overhead & Admin Expenses"
GL-0000520,BAT-202409-LOGI_EU-05,2024-09-28,2024-09,LOGI_EU,Dynamics365,1200_BANK_EUR,Deutsche Bank Geschäftsguthaben,EUR,0.00,661700.00,-661700.00,Cash Disbursement for SG&A
GL-0000521,BAT-202409-LOGI_EU-06,2024-09-28,2024-09,LOGI_EU,Dynamics365,6500_ABSCHREIBUNGEN,Abschreibungen auf Fuhrpark und Logistik,EUR,90000.00,0.00,90000.00,Monthly Depreciation & Amortization
GL-0000522,BAT-202409-LOGI_EU-06,2024-09-28,2024-09,LOGI_EU,Dynamics365,2000_EIGENKAPITAL,Gezeichnetes Kapital und Rücklagen,EUR,0.00,90000.00,-90000.00,Accumulated Depreciation / Reserve Allocation
GL-0000523,BAT-202409-LOGI_EU-07,2024-09-28,2024-09,LOGI_EU,Dynamics365,7300_ZINSAUFWAND,Zinsaufwendungen für Darlehen,EUR,159500.00,0.00,159500.00,Senior Facility Monthly Interest Charge
GL-0000524,BAT-202409-LOGI_EU-07,2024-09-28,2024-09,LOGI_EU,Dynamics365,0630_ANLEIHEN,Langfristige Bankverbindlichkeiten,EUR,250000.00,0.00,250000.00,Senior Debt Principal Amortization
GL-0000525,BAT-202409-LOGI_EU-07,2024-09-28,2024-09,LOGI_EU,Dynamics365,1200_BANK_EUR,Deutsche Bank Geschäftsguthaben,EUR,0.00,409500.00,-409500.00,Cash Wire for Scheduled Debt Service
GL-0000526,BAT-202409-RETAIL_US-01,2024-09-28,2024-09,RETAIL_US,QuickBooks,120_Accounts_Receivable,Trade Accounts Receivable Control,USD,1202198.16,0.00,1202198.16,Commercial Invoicing & Billing
GL-0000527,BAT-202409-RETAIL_US-01,2024-09-28,2024-09,RETAIL_US,QuickBooks,401_Merch_Sales,Omnichannel Merchandise Sales,USD,0.00,1202198.16,-1202198.16,Core Operating Revenue Earned
GL-0000528,BAT-202409-RETAIL_US-02,2024-09-28,2024-09,RETAIL_US,QuickBooks,101_Operating_Checking,Chase Commercial Operating Account,USD,1142088.25,0.00,1142088.25,Cash Collections from Customers
GL-0000529,BAT-202409-RETAIL_US-02,2024-09-28,2024-09,RETAIL_US,QuickBooks,120_Accounts_Receivable,Trade Accounts Receivable Control,USD,0.00,1142088.25,-1142088.25,AR Settlement from Collections
GL-0000530,BAT-202409-RETAIL_US-03,2024-09-28,2024-09,RETAIL_US,QuickBooks,501_Cost_Goods_Sold,Cost of Goods Sold & Direct Freight,USD,528967.19,0.00,528967.19,Direct Cost of Goods & Services Delivered
GL-0000531,BAT-202409-RETAIL_US-03,2024-09-28,2024-09,RETAIL_US,QuickBooks,201_Accounts_Payable,Vendor Accounts Payable Control,USD,0.00,528967.19,-528967.19,Vendor Invoices Received
GL-0000532,BAT-202409-RETAIL_US-04,2024-09-28,2024-09,RETAIL_US,QuickBooks,201_Accounts_Payable,Vendor Accounts Payable Control,USD,476070.47,0.00,476070.47,Vendor AP Disbursed
GL-0000533,BAT-202409-RETAIL_US-04,2024-09-28,2024-09,RETAIL_US,QuickBooks,101_Operating_Checking,Chase Commercial Operating Account,USD,0.00,476070.47,-476070.47,Operating Cash Disbursed for Direct COGS
GL-0000534,BAT-202409-RETAIL_US-05,2024-09-28,2024-09,RETAIL_US,QuickBooks,601_Payroll_SG&A,"Store Payroll, Marketing, & Rent",USD,342048.00,0.00,342048.00,"SG&A Payroll, Overhead & Admin Expenses"
GL-0000535,BAT-202409-RETAIL_US-05,2024-09-28,2024-09,RETAIL_US,QuickBooks,101_Operating_Checking,Chase Commercial Operating Account,USD,0.00,342048.00,-342048.00,Cash Disbursement for SG&A
GL-0000536,BAT-202409-RETAIL_US-06,2024-09-28,2024-09,RETAIL_US,QuickBooks,680_Depreciation,Depreciation on Store Fixtures,USD,45000.00,0.00,45000.00,Monthly Depreciation & Amortization
GL-0000537,BAT-202409-RETAIL_US-06,2024-09-28,2024-09,RETAIL_US,QuickBooks,301_Owners_Equity,Shareholder Equity & Retained Earnings,USD,0.00,45000.00,-45000.00,Accumulated Depreciation / Reserve Allocation
GL-0000538,BAT-202409-RETAIL_US-07,2024-09-28,2024-09,RETAIL_US,QuickBooks,701_Interest_Expense,Revolver & Term Interest Expense,USD,94666.67,0.00,94666.67,Senior Facility Monthly Interest Charge
GL-0000539,BAT-202409-RETAIL_US-07,2024-09-28,2024-09,RETAIL_US,QuickBooks,270_Note_Payable,Asset-Based Term Loan Principal,USD,100000.00,0.00,100000.00,Senior Debt Principal Amortization
GL-0000540,BAT-202409-RETAIL_US-07,2024-09-28,2024-09,RETAIL_US,QuickBooks,101_Operating_Checking,Chase Commercial Operating Account,USD,0.00,194666.67,-194666.67,Cash Wire for Scheduled Debt Service
GL-0000541,BAT-202410-DURA_US-01,2024-10-28,2024-10,DURA_US,SAP,GL_AR_110010,Trade Accounts Receivable Commercial,USD,3537366.65,0.00,3537366.65,Commercial Invoicing & Billing
GL-0000542,BAT-202410-DURA_US-01,2024-10-28,2024-10,DURA_US,SAP,GL_REV_400010,Gross Revenue Industrial Sales,USD,0.00,3537366.65,-3537366.65,Core Operating Revenue Earned
GL-0000543,BAT-202410-DURA_US-02,2024-10-28,2024-10,DURA_US,SAP,GL_CASH_100010,JPMorgan Treasury Operating Checking,USD,3360498.32,0.00,3360498.32,Cash Collections from Customers
GL-0000544,BAT-202410-DURA_US-02,2024-10-28,2024-10,DURA_US,SAP,GL_AR_110010,Trade Accounts Receivable Commercial,USD,0.00,3360498.32,-3360498.32,AR Settlement from Collections
GL-0000545,BAT-202410-DURA_US-03,2024-10-28,2024-10,DURA_US,SAP,GL_COGS_500010,Direct Manufacturing Material & Labor,USD,1627188.66,0.00,1627188.66,Direct Cost of Goods & Services Delivered
GL-0000546,BAT-202410-DURA_US-03,2024-10-28,2024-10,DURA_US,SAP,GL_AP_200010,Trade Accounts Payable Vendors,USD,0.00,1627188.66,-1627188.66,Vendor Invoices Received
GL-0000547,BAT-202410-DURA_US-04,2024-10-28,2024-10,DURA_US,SAP,GL_AP_200010,Trade Accounts Payable Vendors,USD,1464469.79,0.00,1464469.79,Vendor AP Disbursed
GL-0000548,BAT-202410-DURA_US-04,2024-10-28,2024-10,DURA_US,SAP,GL_CASH_100010,JPMorgan Treasury Operating Checking,USD,0.00,1464469.79,-1464469.79,Operating Cash Disbursed for Direct COGS
GL-0000549,BAT-202410-DURA_US-05,2024-10-28,2024-10,DURA_US,SAP,GL_OPEX_600010,SG&A Operating Overhead & Payroll,USD,821100.00,0.00,821100.00,"SG&A Payroll, Overhead & Admin Expenses"
GL-0000550,BAT-202410-DURA_US-05,2024-10-28,2024-10,DURA_US,SAP,GL_CASH_100010,JPMorgan Treasury Operating Checking,USD,0.00,821100.00,-821100.00,Cash Disbursement for SG&A
GL-0000551,BAT-202410-DURA_US-06,2024-10-28,2024-10,DURA_US,SAP,GL_DA_700010,Plant & Machinery Depreciation,USD,120000.00,0.00,120000.00,Monthly Depreciation & Amortization
GL-0000552,BAT-202410-DURA_US-06,2024-10-28,2024-10,DURA_US,SAP,GL_EQ_300010,Retained Earnings & Contributed Surplus,USD,0.00,120000.00,-120000.00,Accumulated Depreciation / Reserve Allocation
GL-0000553,BAT-202410-DURA_US-07,2024-10-28,2024-10,DURA_US,SAP,GL_INT_800010,Senior Facility Interest Expense,USD,290000.00,0.00,290000.00,Senior Facility Monthly Interest Charge
GL-0000554,BAT-202410-DURA_US-07,2024-10-28,2024-10,DURA_US,SAP,GL_DEBT_250010,Senior Secured Term Loan Principal,USD,400000.00,0.00,400000.00,Senior Debt Principal Amortization
GL-0000555,BAT-202410-DURA_US-07,2024-10-28,2024-10,DURA_US,SAP,GL_CASH_100010,JPMorgan Treasury Operating Checking,USD,0.00,690000.00,-690000.00,Cash Wire for Scheduled Debt Service
GL-0000556,BAT-202410-MED_UK-01,2024-10-28,2024-10,MED_UK,NetSuite,AR-CUSTOMERS,B2B Subscription Receivables Control,GBP,1804033.42,0.00,1804033.42,Commercial Invoicing & Billing
GL-0000557,BAT-202410-MED_UK-01,2024-10-28,2024-10,MED_UK,NetSuite,REV-SUB-ARR,SaaS Subscription ARR Recurring Revenue,GBP,0.00,1804033.42,-1804033.42,Core Operating Revenue Earned
GL-0000558,BAT-202410-MED_UK-02,2024-10-28,2024-10,MED_UK,NetSuite,CASH-BARCLAYS-GBP,Barclays Commercial Operating Account,GBP,1713831.75,0.00,1713831.75,Cash Collections from Customers
GL-0000559,BAT-202410-MED_UK-02,2024-10-28,2024-10,MED_UK,NetSuite,AR-CUSTOMERS,B2B Subscription Receivables Control,GBP,0.00,1713831.75,-1713831.75,AR Settlement from Collections
GL-0000560,BAT-202410-MED_UK-03,2024-10-28,2024-10,MED_UK,NetSuite,COGS-HOST-AWS,AWS Hosting & Direct Infrastructure,GBP,577290.70,0.00,577290.70,Direct Cost of Goods & Services Delivered
GL-0000561,BAT-202410-MED_UK-03,2024-10-28,2024-10,MED_UK,NetSuite,AP-VENDORS,Trade Accounts Payable Vendor Ledger,GBP,0.00,577290.70,-577290.70,Vendor Invoices Received
GL-0000562,BAT-202410-MED_UK-04,2024-10-28,2024-10,MED_UK,NetSuite,AP-VENDORS,Trade Accounts Payable Vendor Ledger,GBP,519561.63,0.00,519561.63,Vendor AP Disbursed
GL-0000563,BAT-202410-MED_UK-04,2024-10-28,2024-10,MED_UK,NetSuite,CASH-BARCLAYS-GBP,Barclays Commercial Operating Account,GBP,0.00,519561.63,-519561.63,Operating Cash Disbursed for Direct COGS
GL-0000564,BAT-202410-MED_UK-05,2024-10-28,2024-10,MED_UK,NetSuite,OPEX-SALES-MKTG,"Sales, Marketing, R&D and Admin",GBP,642600.00,0.00,642600.00,"SG&A Payroll, Overhead & Admin Expenses"
GL-0000565,BAT-202410-MED_UK-05,2024-10-28,2024-10,MED_UK,NetSuite,CASH-BARCLAYS-GBP,Barclays Commercial Operating Account,GBP,0.00,642600.00,-642600.00,Cash Disbursement for SG&A
GL-0000566,BAT-202410-MED_UK-06,2024-10-28,2024-10,MED_UK,NetSuite,DA-SERVER-AMORT,Capitalized Software Amortization,GBP,75000.00,0.00,75000.00,Monthly Depreciation & Amortization
GL-0000567,BAT-202410-MED_UK-06,2024-10-28,2024-10,MED_UK,NetSuite,EQ-COMMON-CAP,Common Equity & Retained Earnings,GBP,0.00,75000.00,-75000.00,Accumulated Depreciation / Reserve Allocation
GL-0000568,BAT-202410-MED_UK-07,2024-10-28,2024-10,MED_UK,NetSuite,FIN-TERM-INT,Growth Debt Monthly Interest Charge,GBP,126641.67,0.00,126641.67,Senior Facility Monthly Interest Charge
GL-0000569,BAT-202410-MED_UK-07,2024-10-28,2024-10,MED_UK,NetSuite,DEBT-SENIOR-FAC,Syndicated Senior Debt Tranche,GBP,180000.00,0.00,180000.00,Senior Debt Principal Amortization
GL-0000570,BAT-202410-MED_UK-07,2024-10-28,2024-10,MED_UK,NetSuite,CASH-BARCLAYS-GBP,Barclays Commercial Operating Account,GBP,0.00,306641.67,-306641.67,Cash Wire for Scheduled Debt Service
GL-0000571,BAT-202410-LOGI_EU-01,2024-10-28,2024-10,LOGI_EU,Dynamics365,1400_FORDERUNGEN,Forderungen aus Lieferungen und Leistungen,EUR,2631117.52,0.00,2631117.52,Commercial Invoicing & Billing
GL-0000572,BAT-202410-LOGI_EU-01,2024-10-28,2024-10,LOGI_EU,Dynamics365,4400_ERLOESE,Erlöse aus Logistikdienstleistungen,EUR,0.00,2631117.52,-2631117.52,Core Operating Revenue Earned
GL-0000573,BAT-202410-LOGI_EU-02,2024-10-28,2024-10,LOGI_EU,Dynamics365,1200_BANK_EUR,Deutsche Bank Geschäftsguthaben,EUR,2499561.64,0.00,2499561.64,Cash Collections from Customers
GL-0000574,BAT-202410-LOGI_EU-02,2024-10-28,2024-10,LOGI_EU,Dynamics365,1400_FORDERUNGEN,Forderungen aus Lieferungen und Leistungen,EUR,0.00,2499561.64,-2499561.64,AR Settlement from Collections
GL-0000575,BAT-202410-LOGI_EU-03,2024-10-28,2024-10,LOGI_EU,Dynamics365,5400_WARENEINSATZ,Aufwendungen für Frachten & Treibstoff,EUR,1262936.41,0.00,1262936.41,Direct Cost of Goods & Services Delivered
GL-0000576,BAT-202410-LOGI_EU-03,2024-10-28,2024-10,LOGI_EU,Dynamics365,3300_VERBINDLICHKEITEN,Verbindlichkeiten aus Lieferungen,EUR,0.00,1262936.41,-1262936.41,Vendor Invoices Received
GL-0000577,BAT-202410-LOGI_EU-04,2024-10-28,2024-10,LOGI_EU,Dynamics365,3300_VERBINDLICHKEITEN,Verbindlichkeiten aus Lieferungen,EUR,1136642.77,0.00,1136642.77,Vendor AP Disbursed
GL-0000578,BAT-202410-LOGI_EU-04,2024-10-28,2024-10,LOGI_EU,Dynamics365,1200_BANK_EUR,Deutsche Bank Geschäftsguthaben,EUR,0.00,1136642.77,-1136642.77,Operating Cash Disbursed for Direct COGS
GL-0000579,BAT-202410-LOGI_EU-05,2024-10-28,2024-10,LOGI_EU,Dynamics365,6200_PERSONALAUFWAND,Personalaufwand und allgemeine Verwaltung,EUR,663000.00,0.00,663000.00,"SG&A Payroll, Overhead & Admin Expenses"
GL-0000580,BAT-202410-LOGI_EU-05,2024-10-28,2024-10,LOGI_EU,Dynamics365,1200_BANK_EUR,Deutsche Bank Geschäftsguthaben,EUR,0.00,663000.00,-663000.00,Cash Disbursement for SG&A
GL-0000581,BAT-202410-LOGI_EU-06,2024-10-28,2024-10,LOGI_EU,Dynamics365,6500_ABSCHREIBUNGEN,Abschreibungen auf Fuhrpark und Logistik,EUR,90000.00,0.00,90000.00,Monthly Depreciation & Amortization
GL-0000582,BAT-202410-LOGI_EU-06,2024-10-28,2024-10,LOGI_EU,Dynamics365,2000_EIGENKAPITAL,Gezeichnetes Kapital und Rücklagen,EUR,0.00,90000.00,-90000.00,Accumulated Depreciation / Reserve Allocation
GL-0000583,BAT-202410-LOGI_EU-07,2024-10-28,2024-10,LOGI_EU,Dynamics365,7300_ZINSAUFWAND,Zinsaufwendungen für Darlehen,EUR,158291.67,0.00,158291.67,Senior Facility Monthly Interest Charge
GL-0000584,BAT-202410-LOGI_EU-07,2024-10-28,2024-10,LOGI_EU,Dynamics365,0630_ANLEIHEN,Langfristige Bankverbindlichkeiten,EUR,250000.00,0.00,250000.00,Senior Debt Principal Amortization
GL-0000585,BAT-202410-LOGI_EU-07,2024-10-28,2024-10,LOGI_EU,Dynamics365,1200_BANK_EUR,Deutsche Bank Geschäftsguthaben,EUR,0.00,408291.67,-408291.67,Cash Wire for Scheduled Debt Service
GL-0000586,BAT-202410-RETAIL_US-01,2024-10-28,2024-10,RETAIL_US,QuickBooks,120_Accounts_Receivable,Trade Accounts Receivable Control,USD,1200712.90,0.00,1200712.90,Commercial Invoicing & Billing
GL-0000587,BAT-202410-RETAIL_US-01,2024-10-28,2024-10,RETAIL_US,QuickBooks,401_Merch_Sales,Omnichannel Merchandise Sales,USD,0.00,1200712.90,-1200712.90,Core Operating Revenue Earned
GL-0000588,BAT-202410-RETAIL_US-02,2024-10-28,2024-10,RETAIL_US,QuickBooks,101_Operating_Checking,Chase Commercial Operating Account,USD,1140677.25,0.00,1140677.25,Cash Collections from Customers
GL-0000589,BAT-202410-RETAIL_US-02,2024-10-28,2024-10,RETAIL_US,QuickBooks,120_Accounts_Receivable,Trade Accounts Receivable Control,USD,0.00,1140677.25,-1140677.25,AR Settlement from Collections
GL-0000590,BAT-202410-RETAIL_US-03,2024-10-28,2024-10,RETAIL_US,QuickBooks,501_Cost_Goods_Sold,Cost of Goods Sold & Direct Freight,USD,528313.68,0.00,528313.68,Direct Cost of Goods & Services Delivered
GL-0000591,BAT-202410-RETAIL_US-03,2024-10-28,2024-10,RETAIL_US,QuickBooks,201_Accounts_Payable,Vendor Accounts Payable Control,USD,0.00,528313.68,-528313.68,Vendor Invoices Received
GL-0000592,BAT-202410-RETAIL_US-04,2024-10-28,2024-10,RETAIL_US,QuickBooks,201_Accounts_Payable,Vendor Accounts Payable Control,USD,475482.31,0.00,475482.31,Vendor AP Disbursed
GL-0000593,BAT-202410-RETAIL_US-04,2024-10-28,2024-10,RETAIL_US,QuickBooks,101_Operating_Checking,Chase Commercial Operating Account,USD,0.00,475482.31,-475482.31,Operating Cash Disbursed for Direct COGS
GL-0000594,BAT-202410-RETAIL_US-05,2024-10-28,2024-10,RETAIL_US,QuickBooks,601_Payroll_SG&A,"Store Payroll, Marketing, & Rent",USD,342720.00,0.00,342720.00,"SG&A Payroll, Overhead & Admin Expenses"
GL-0000595,BAT-202410-RETAIL_US-05,2024-10-28,2024-10,RETAIL_US,QuickBooks,101_Operating_Checking,Chase Commercial Operating Account,USD,0.00,342720.00,-342720.00,Cash Disbursement for SG&A
GL-0000596,BAT-202410-RETAIL_US-06,2024-10-28,2024-10,RETAIL_US,QuickBooks,680_Depreciation,Depreciation on Store Fixtures,USD,45000.00,0.00,45000.00,Monthly Depreciation & Amortization
GL-0000597,BAT-202410-RETAIL_US-06,2024-10-28,2024-10,RETAIL_US,QuickBooks,301_Owners_Equity,Shareholder Equity & Retained Earnings,USD,0.00,45000.00,-45000.00,Accumulated Depreciation / Reserve Allocation
GL-0000598,BAT-202410-RETAIL_US-07,2024-10-28,2024-10,RETAIL_US,QuickBooks,701_Interest_Expense,Revolver & Term Interest Expense,USD,94000.00,0.00,94000.00,Senior Facility Monthly Interest Charge
GL-0000599,BAT-202410-RETAIL_US-07,2024-10-28,2024-10,RETAIL_US,QuickBooks,270_Note_Payable,Asset-Based Term Loan Principal,USD,100000.00,0.00,100000.00,Senior Debt Principal Amortization
GL-0000600,BAT-202410-RETAIL_US-07,2024-10-28,2024-10,RETAIL_US,QuickBooks,101_Operating_Checking,Chase Commercial Operating Account,USD,0.00,194000.00,-194000.00,Cash Wire for Scheduled Debt Service
GL-0000601,BAT-202411-DURA_US-01,2024-11-28,2024-11,DURA_US,SAP,GL_AR_110010,Trade Accounts Receivable Commercial,USD,3561250.12,0.00,3561250.12,Commercial Invoicing & Billing
GL-0000602,BAT-202411-DURA_US-01,2024-11-28,2024-11,DURA_US,SAP,GL_REV_400010,Gross Revenue Industrial Sales,USD,0.00,3561250.12,-3561250.12,Core Operating Revenue Earned
GL-0000603,BAT-202411-DURA_US-02,2024-11-28,2024-11,DURA_US,SAP,GL_CASH_100010,JPMorgan Treasury Operating Checking,USD,3383187.61,0.00,3383187.61,Cash Collections from Customers
GL-0000604,BAT-202411-DURA_US-02,2024-11-28,2024-11,DURA_US,SAP,GL_AR_110010,Trade Accounts Receivable Commercial,USD,0.00,3383187.61,-3383187.61,AR Settlement from Collections
GL-0000605,BAT-202411-DURA_US-03,2024-11-28,2024-11,DURA_US,SAP,GL_COGS_500010,Direct Manufacturing Material & Labor,USD,1638175.05,0.00,1638175.05,Direct Cost of Goods & Services Delivered
GL-0000606,BAT-202411-DURA_US-03,2024-11-28,2024-11,DURA_US,SAP,GL_AP_200010,Trade Accounts Payable Vendors,USD,0.00,1638175.05,-1638175.05,Vendor Invoices Received
GL-0000607,BAT-202411-DURA_US-04,2024-11-28,2024-11,DURA_US,SAP,GL_AP_200010,Trade Accounts Payable Vendors,USD,1474357.54,0.00,1474357.54,Vendor AP Disbursed
GL-0000608,BAT-202411-DURA_US-04,2024-11-28,2024-11,DURA_US,SAP,GL_CASH_100010,JPMorgan Treasury Operating Checking,USD,0.00,1474357.54,-1474357.54,Operating Cash Disbursed for Direct COGS
GL-0000609,BAT-202411-DURA_US-05,2024-11-28,2024-11,DURA_US,SAP,GL_OPEX_600010,SG&A Operating Overhead & Payroll,USD,822710.00,0.00,822710.00,"SG&A Payroll, Overhead & Admin Expenses"
GL-0000610,BAT-202411-DURA_US-05,2024-11-28,2024-11,DURA_US,SAP,GL_CASH_100010,JPMorgan Treasury Operating Checking,USD,0.00,822710.00,-822710.00,Cash Disbursement for SG&A
GL-0000611,BAT-202411-DURA_US-06,2024-11-28,2024-11,DURA_US,SAP,GL_DA_700010,Plant & Machinery Depreciation,USD,120000.00,0.00,120000.00,Monthly Depreciation & Amortization
GL-0000612,BAT-202411-DURA_US-06,2024-11-28,2024-11,DURA_US,SAP,GL_EQ_300010,Retained Earnings & Contributed Surplus,USD,0.00,120000.00,-120000.00,Accumulated Depreciation / Reserve Allocation
GL-0000613,BAT-202411-DURA_US-07,2024-11-28,2024-11,DURA_US,SAP,GL_INT_800010,Senior Facility Interest Expense,USD,287500.00,0.00,287500.00,Senior Facility Monthly Interest Charge
GL-0000614,BAT-202411-DURA_US-07,2024-11-28,2024-11,DURA_US,SAP,GL_DEBT_250010,Senior Secured Term Loan Principal,USD,400000.00,0.00,400000.00,Senior Debt Principal Amortization
GL-0000615,BAT-202411-DURA_US-07,2024-11-28,2024-11,DURA_US,SAP,GL_CASH_100010,JPMorgan Treasury Operating Checking,USD,0.00,687500.00,-687500.00,Cash Wire for Scheduled Debt Service
GL-0000616,BAT-202411-MED_UK-01,2024-11-28,2024-11,MED_UK,NetSuite,AR-CUSTOMERS,B2B Subscription Receivables Control,GBP,1784070.24,0.00,1784070.24,Commercial Invoicing & Billing
GL-0000617,BAT-202411-MED_UK-01,2024-11-28,2024-11,MED_UK,NetSuite,REV-SUB-ARR,SaaS Subscription ARR Recurring Revenue,GBP,0.00,1784070.24,-1784070.24,Core Operating Revenue Earned
GL-0000618,BAT-202411-MED_UK-02,2024-11-28,2024-11,MED_UK,NetSuite,CASH-BARCLAYS-GBP,Barclays Commercial Operating Account,GBP,1694866.73,0.00,1694866.73,Cash Collections from Customers
GL-0000619,BAT-202411-MED_UK-02,2024-11-28,2024-11,MED_UK,NetSuite,AR-CUSTOMERS,B2B Subscription Receivables Control,GBP,0.00,1694866.73,-1694866.73,AR Settlement from Collections
GL-0000620,BAT-202411-MED_UK-03,2024-11-28,2024-11,MED_UK,NetSuite,COGS-HOST-AWS,AWS Hosting & Direct Infrastructure,GBP,570902.48,0.00,570902.48,Direct Cost of Goods & Services Delivered
GL-0000621,BAT-202411-MED_UK-03,2024-11-28,2024-11,MED_UK,NetSuite,AP-VENDORS,Trade Accounts Payable Vendor Ledger,GBP,0.00,570902.48,-570902.48,Vendor Invoices Received
GL-0000622,BAT-202411-MED_UK-04,2024-11-28,2024-11,MED_UK,NetSuite,AP-VENDORS,Trade Accounts Payable Vendor Ledger,GBP,513812.23,0.00,513812.23,Vendor AP Disbursed
GL-0000623,BAT-202411-MED_UK-04,2024-11-28,2024-11,MED_UK,NetSuite,CASH-BARCLAYS-GBP,Barclays Commercial Operating Account,GBP,0.00,513812.23,-513812.23,Operating Cash Disbursed for Direct COGS
GL-0000624,BAT-202411-MED_UK-05,2024-11-28,2024-11,MED_UK,NetSuite,OPEX-SALES-MKTG,"Sales, Marketing, R&D and Admin",GBP,643860.00,0.00,643860.00,"SG&A Payroll, Overhead & Admin Expenses"
GL-0000625,BAT-202411-MED_UK-05,2024-11-28,2024-11,MED_UK,NetSuite,CASH-BARCLAYS-GBP,Barclays Commercial Operating Account,GBP,0.00,643860.00,-643860.00,Cash Disbursement for SG&A
GL-0000626,BAT-202411-MED_UK-06,2024-11-28,2024-11,MED_UK,NetSuite,DA-SERVER-AMORT,Capitalized Software Amortization,GBP,75000.00,0.00,75000.00,Monthly Depreciation & Amortization
GL-0000627,BAT-202411-MED_UK-06,2024-11-28,2024-11,MED_UK,NetSuite,EQ-COMMON-CAP,Common Equity & Retained Earnings,GBP,0.00,75000.00,-75000.00,Accumulated Depreciation / Reserve Allocation
GL-0000628,BAT-202411-MED_UK-07,2024-11-28,2024-11,MED_UK,NetSuite,FIN-TERM-INT,Growth Debt Monthly Interest Charge,GBP,125666.67,0.00,125666.67,Senior Facility Monthly Interest Charge
GL-0000629,BAT-202411-MED_UK-07,2024-11-28,2024-11,MED_UK,NetSuite,DEBT-SENIOR-FAC,Syndicated Senior Debt Tranche,GBP,180000.00,0.00,180000.00,Senior Debt Principal Amortization
GL-0000630,BAT-202411-MED_UK-07,2024-11-28,2024-11,MED_UK,NetSuite,CASH-BARCLAYS-GBP,Barclays Commercial Operating Account,GBP,0.00,305666.67,-305666.67,Cash Wire for Scheduled Debt Service
GL-0000631,BAT-202411-LOGI_EU-01,2024-11-28,2024-11,LOGI_EU,Dynamics365,1400_FORDERUNGEN,Forderungen aus Lieferungen und Leistungen,EUR,2595926.04,0.00,2595926.04,Commercial Invoicing & Billing
GL-0000632,BAT-202411-LOGI_EU-01,2024-11-28,2024-11,LOGI_EU,Dynamics365,4400_ERLOESE,Erlöse aus Logistikdienstleistungen,EUR,0.00,2595926.04,-2595926.04,Core Operating Revenue Earned
GL-0000633,BAT-202411-LOGI_EU-02,2024-11-28,2024-11,LOGI_EU,Dynamics365,1200_BANK_EUR,Deutsche Bank Geschäftsguthaben,EUR,2466129.74,0.00,2466129.74,Cash Collections from Customers
GL-0000634,BAT-202411-LOGI_EU-02,2024-11-28,2024-11,LOGI_EU,Dynamics365,1400_FORDERUNGEN,Forderungen aus Lieferungen und Leistungen,EUR,0.00,2466129.74,-2466129.74,AR Settlement from Collections
GL-0000635,BAT-202411-LOGI_EU-03,2024-11-28,2024-11,LOGI_EU,Dynamics365,5400_WARENEINSATZ,Aufwendungen für Frachten & Treibstoff,EUR,1246044.50,0.00,1246044.50,Direct Cost of Goods & Services Delivered
GL-0000636,BAT-202411-LOGI_EU-03,2024-11-28,2024-11,LOGI_EU,Dynamics365,3300_VERBINDLICHKEITEN,Verbindlichkeiten aus Lieferungen,EUR,0.00,1246044.50,-1246044.50,Vendor Invoices Received
GL-0000637,BAT-202411-LOGI_EU-04,2024-11-28,2024-11,LOGI_EU,Dynamics365,3300_VERBINDLICHKEITEN,Verbindlichkeiten aus Lieferungen,EUR,1121440.05,0.00,1121440.05,Vendor AP Disbursed
GL-0000638,BAT-202411-LOGI_EU-04,2024-11-28,2024-11,LOGI_EU,Dynamics365,1200_BANK_EUR,Deutsche Bank Geschäftsguthaben,EUR,0.00,1121440.05,-1121440.05,Operating Cash Disbursed for Direct COGS
GL-0000639,BAT-202411-LOGI_EU-05,2024-11-28,2024-11,LOGI_EU,Dynamics365,6200_PERSONALAUFWAND,Personalaufwand und allgemeine Verwaltung,EUR,664300.00,0.00,664300.00,"SG&A Payroll, Overhead & Admin Expenses"
GL-0000640,BAT-202411-LOGI_EU-05,2024-11-28,2024-11,LOGI_EU,Dynamics365,1200_BANK_EUR,Deutsche Bank Geschäftsguthaben,EUR,0.00,664300.00,-664300.00,Cash Disbursement for SG&A
GL-0000641,BAT-202411-LOGI_EU-06,2024-11-28,2024-11,LOGI_EU,Dynamics365,6500_ABSCHREIBUNGEN,Abschreibungen auf Fuhrpark und Logistik,EUR,90000.00,0.00,90000.00,Monthly Depreciation & Amortization
GL-0000642,BAT-202411-LOGI_EU-06,2024-11-28,2024-11,LOGI_EU,Dynamics365,2000_EIGENKAPITAL,Gezeichnetes Kapital und Rücklagen,EUR,0.00,90000.00,-90000.00,Accumulated Depreciation / Reserve Allocation
GL-0000643,BAT-202411-LOGI_EU-07,2024-11-28,2024-11,LOGI_EU,Dynamics365,7300_ZINSAUFWAND,Zinsaufwendungen für Darlehen,EUR,157083.33,0.00,157083.33,Senior Facility Monthly Interest Charge
GL-0000644,BAT-202411-LOGI_EU-07,2024-11-28,2024-11,LOGI_EU,Dynamics365,0630_ANLEIHEN,Langfristige Bankverbindlichkeiten,EUR,250000.00,0.00,250000.00,Senior Debt Principal Amortization
GL-0000645,BAT-202411-LOGI_EU-07,2024-11-28,2024-11,LOGI_EU,Dynamics365,1200_BANK_EUR,Deutsche Bank Geschäftsguthaben,EUR,0.00,407083.33,-407083.33,Cash Wire for Scheduled Debt Service
GL-0000646,BAT-202411-RETAIL_US-01,2024-11-28,2024-11,RETAIL_US,QuickBooks,120_Accounts_Receivable,Trade Accounts Receivable Control,USD,1201071.21,0.00,1201071.21,Commercial Invoicing & Billing
GL-0000647,BAT-202411-RETAIL_US-01,2024-11-28,2024-11,RETAIL_US,QuickBooks,401_Merch_Sales,Omnichannel Merchandise Sales,USD,0.00,1201071.21,-1201071.21,Core Operating Revenue Earned
GL-0000648,BAT-202411-RETAIL_US-02,2024-11-28,2024-11,RETAIL_US,QuickBooks,101_Operating_Checking,Chase Commercial Operating Account,USD,1141017.65,0.00,1141017.65,Cash Collections from Customers
GL-0000649,BAT-202411-RETAIL_US-02,2024-11-28,2024-11,RETAIL_US,QuickBooks,120_Accounts_Receivable,Trade Accounts Receivable Control,USD,0.00,1141017.65,-1141017.65,AR Settlement from Collections
GL-0000650,BAT-202411-RETAIL_US-03,2024-11-28,2024-11,RETAIL_US,QuickBooks,501_Cost_Goods_Sold,Cost of Goods Sold & Direct Freight,USD,528471.33,0.00,528471.33,Direct Cost of Goods & Services Delivered
GL-0000651,BAT-202411-RETAIL_US-03,2024-11-28,2024-11,RETAIL_US,QuickBooks,201_Accounts_Payable,Vendor Accounts Payable Control,USD,0.00,528471.33,-528471.33,Vendor Invoices Received
GL-0000652,BAT-202411-RETAIL_US-04,2024-11-28,2024-11,RETAIL_US,QuickBooks,201_Accounts_Payable,Vendor Accounts Payable Control,USD,475624.20,0.00,475624.20,Vendor AP Disbursed
GL-0000653,BAT-202411-RETAIL_US-04,2024-11-28,2024-11,RETAIL_US,QuickBooks,101_Operating_Checking,Chase Commercial Operating Account,USD,0.00,475624.20,-475624.20,Operating Cash Disbursed for Direct COGS
GL-0000654,BAT-202411-RETAIL_US-05,2024-11-28,2024-11,RETAIL_US,QuickBooks,601_Payroll_SG&A,"Store Payroll, Marketing, & Rent",USD,343392.00,0.00,343392.00,"SG&A Payroll, Overhead & Admin Expenses"
GL-0000655,BAT-202411-RETAIL_US-05,2024-11-28,2024-11,RETAIL_US,QuickBooks,101_Operating_Checking,Chase Commercial Operating Account,USD,0.00,343392.00,-343392.00,Cash Disbursement for SG&A
GL-0000656,BAT-202411-RETAIL_US-06,2024-11-28,2024-11,RETAIL_US,QuickBooks,680_Depreciation,Depreciation on Store Fixtures,USD,45000.00,0.00,45000.00,Monthly Depreciation & Amortization
GL-0000657,BAT-202411-RETAIL_US-06,2024-11-28,2024-11,RETAIL_US,QuickBooks,301_Owners_Equity,Shareholder Equity & Retained Earnings,USD,0.00,45000.00,-45000.00,Accumulated Depreciation / Reserve Allocation
GL-0000658,BAT-202411-RETAIL_US-07,2024-11-28,2024-11,RETAIL_US,QuickBooks,701_Interest_Expense,Revolver & Term Interest Expense,USD,93333.33,0.00,93333.33,Senior Facility Monthly Interest Charge
GL-0000659,BAT-202411-RETAIL_US-07,2024-11-28,2024-11,RETAIL_US,QuickBooks,270_Note_Payable,Asset-Based Term Loan Principal,USD,100000.00,0.00,100000.00,Senior Debt Principal Amortization
GL-0000660,BAT-202411-RETAIL_US-07,2024-11-28,2024-11,RETAIL_US,QuickBooks,101_Operating_Checking,Chase Commercial Operating Account,USD,0.00,193333.33,-193333.33,Cash Wire for Scheduled Debt Service
GL-0000661,BAT-202412-DURA_US-01,2024-12-28,2024-12,DURA_US,SAP,GL_AR_110010,Trade Accounts Receivable Commercial,USD,3558420.88,0.00,3558420.88,Commercial Invoicing & Billing
GL-0000662,BAT-202412-DURA_US-01,2024-12-28,2024-12,DURA_US,SAP,GL_REV_400010,Gross Revenue Industrial Sales,USD,0.00,3558420.88,-3558420.88,Core Operating Revenue Earned
GL-0000663,BAT-202412-DURA_US-02,2024-12-28,2024-12,DURA_US,SAP,GL_CASH_100010,JPMorgan Treasury Operating Checking,USD,3380499.84,0.00,3380499.84,Cash Collections from Customers
GL-0000664,BAT-202412-DURA_US-02,2024-12-28,2024-12,DURA_US,SAP,GL_AR_110010,Trade Accounts Receivable Commercial,USD,0.00,3380499.84,-3380499.84,AR Settlement from Collections
GL-0000665,BAT-202412-DURA_US-03,2024-12-28,2024-12,DURA_US,SAP,GL_COGS_500010,Direct Manufacturing Material & Labor,USD,1636873.60,0.00,1636873.60,Direct Cost of Goods & Services Delivered
GL-0000666,BAT-202412-DURA_US-03,2024-12-28,2024-12,DURA_US,SAP,GL_AP_200010,Trade Accounts Payable Vendors,USD,0.00,1636873.60,-1636873.60,Vendor Invoices Received
GL-0000667,BAT-202412-DURA_US-04,2024-12-28,2024-12,DURA_US,SAP,GL_AP_200010,Trade Accounts Payable Vendors,USD,1473186.24,0.00,1473186.24,Vendor AP Disbursed
GL-0000668,BAT-202412-DURA_US-04,2024-12-28,2024-12,DURA_US,SAP,GL_CASH_100010,JPMorgan Treasury Operating Checking,USD,0.00,1473186.24,-1473186.24,Operating Cash Disbursed for Direct COGS
GL-0000669,BAT-202412-DURA_US-05,2024-12-28,2024-12,DURA_US,SAP,GL_OPEX_600010,SG&A Operating Overhead & Payroll,USD,824320.00,0.00,824320.00,"SG&A Payroll, Overhead & Admin Expenses"
GL-0000670,BAT-202412-DURA_US-05,2024-12-28,2024-12,DURA_US,SAP,GL_CASH_100010,JPMorgan Treasury Operating Checking,USD,0.00,824320.00,-824320.00,Cash Disbursement for SG&A
GL-0000671,BAT-202412-DURA_US-06,2024-12-28,2024-12,DURA_US,SAP,GL_DA_700010,Plant & Machinery Depreciation,USD,120000.00,0.00,120000.00,Monthly Depreciation & Amortization
GL-0000672,BAT-202412-DURA_US-06,2024-12-28,2024-12,DURA_US,SAP,GL_EQ_300010,Retained Earnings & Contributed Surplus,USD,0.00,120000.00,-120000.00,Accumulated Depreciation / Reserve Allocation
GL-0000673,BAT-202412-DURA_US-07,2024-12-28,2024-12,DURA_US,SAP,GL_INT_800010,Senior Facility Interest Expense,USD,285000.00,0.00,285000.00,Senior Facility Monthly Interest Charge
GL-0000674,BAT-202412-DURA_US-07,2024-12-28,2024-12,DURA_US,SAP,GL_DEBT_250010,Senior Secured Term Loan Principal,USD,400000.00,0.00,400000.00,Senior Debt Principal Amortization
GL-0000675,BAT-202412-DURA_US-07,2024-12-28,2024-12,DURA_US,SAP,GL_CASH_100010,JPMorgan Treasury Operating Checking,USD,0.00,685000.00,-685000.00,Cash Wire for Scheduled Debt Service
GL-0000676,BAT-202412-MED_UK-01,2024-12-28,2024-12,MED_UK,NetSuite,AR-CUSTOMERS,B2B Subscription Receivables Control,GBP,1841060.94,0.00,1841060.94,Commercial Invoicing & Billing
GL-0000677,BAT-202412-MED_UK-01,2024-12-28,2024-12,MED_UK,NetSuite,REV-SUB-ARR,SaaS Subscription ARR Recurring Revenue,GBP,0.00,1841060.94,-1841060.94,Core Operating Revenue Earned
GL-0000678,BAT-202412-MED_UK-02,2024-12-28,2024-12,MED_UK,NetSuite,CASH-BARCLAYS-GBP,Barclays Commercial Operating Account,GBP,1749007.89,0.00,1749007.89,Cash Collections from Customers
GL-0000679,BAT-202412-MED_UK-02,2024-12-28,2024-12,MED_UK,NetSuite,AR-CUSTOMERS,B2B Subscription Receivables Control,GBP,0.00,1749007.89,-1749007.89,AR Settlement from Collections
GL-0000680,BAT-202412-MED_UK-03,2024-12-28,2024-12,MED_UK,NetSuite,COGS-HOST-AWS,AWS Hosting & Direct Infrastructure,GBP,589139.50,0.00,589139.50,Direct Cost of Goods & Services Delivered
GL-0000681,BAT-202412-MED_UK-03,2024-12-28,2024-12,MED_UK,NetSuite,AP-VENDORS,Trade Accounts Payable Vendor Ledger,GBP,0.00,589139.50,-589139.50,Vendor Invoices Received
GL-0000682,BAT-202412-MED_UK-04,2024-12-28,2024-12,MED_UK,NetSuite,AP-VENDORS,Trade Accounts Payable Vendor Ledger,GBP,530225.55,0.00,530225.55,Vendor AP Disbursed
GL-0000683,BAT-202412-MED_UK-04,2024-12-28,2024-12,MED_UK,NetSuite,CASH-BARCLAYS-GBP,Barclays Commercial Operating Account,GBP,0.00,530225.55,-530225.55,Operating Cash Disbursed for Direct COGS
GL-0000684,BAT-202412-MED_UK-05,2024-12-28,2024-12,MED_UK,NetSuite,OPEX-SALES-MKTG,"Sales, Marketing, R&D and Admin",GBP,645120.00,0.00,645120.00,"SG&A Payroll, Overhead & Admin Expenses"
GL-0000685,BAT-202412-MED_UK-05,2024-12-28,2024-12,MED_UK,NetSuite,CASH-BARCLAYS-GBP,Barclays Commercial Operating Account,GBP,0.00,645120.00,-645120.00,Cash Disbursement for SG&A
GL-0000686,BAT-202412-MED_UK-06,2024-12-28,2024-12,MED_UK,NetSuite,DA-SERVER-AMORT,Capitalized Software Amortization,GBP,75000.00,0.00,75000.00,Monthly Depreciation & Amortization
GL-0000687,BAT-202412-MED_UK-06,2024-12-28,2024-12,MED_UK,NetSuite,EQ-COMMON-CAP,Common Equity & Retained Earnings,GBP,0.00,75000.00,-75000.00,Accumulated Depreciation / Reserve Allocation
GL-0000688,BAT-202412-MED_UK-07,2024-12-28,2024-12,MED_UK,NetSuite,FIN-TERM-INT,Growth Debt Monthly Interest Charge,GBP,124691.67,0.00,124691.67,Senior Facility Monthly Interest Charge
GL-0000689,BAT-202412-MED_UK-07,2024-12-28,2024-12,MED_UK,NetSuite,DEBT-SENIOR-FAC,Syndicated Senior Debt Tranche,GBP,180000.00,0.00,180000.00,Senior Debt Principal Amortization
GL-0000690,BAT-202412-MED_UK-07,2024-12-28,2024-12,MED_UK,NetSuite,CASH-BARCLAYS-GBP,Barclays Commercial Operating Account,GBP,0.00,304691.67,-304691.67,Cash Wire for Scheduled Debt Service
GL-0000691,BAT-202412-LOGI_EU-01,2024-12-28,2024-12,LOGI_EU,Dynamics365,1400_FORDERUNGEN,Forderungen aus Lieferungen und Leistungen,EUR,2645604.15,0.00,2645604.15,Commercial Invoicing & Billing
GL-0000692,BAT-202412-LOGI_EU-01,2024-12-28,2024-12,LOGI_EU,Dynamics365,4400_ERLOESE,Erlöse aus Logistikdienstleistungen,EUR,0.00,2645604.15,-2645604.15,Core Operating Revenue Earned
GL-0000693,BAT-202412-LOGI_EU-02,2024-12-28,2024-12,LOGI_EU,Dynamics365,1200_BANK_EUR,Deutsche Bank Geschäftsguthaben,EUR,2513323.94,0.00,2513323.94,Cash Collections from Customers
GL-0000694,BAT-202412-LOGI_EU-02,2024-12-28,2024-12,LOGI_EU,Dynamics365,1400_FORDERUNGEN,Forderungen aus Lieferungen und Leistungen,EUR,0.00,2513323.94,-2513323.94,AR Settlement from Collections
GL-0000695,BAT-202412-LOGI_EU-03,2024-12-28,2024-12,LOGI_EU,Dynamics365,5400_WARENEINSATZ,Aufwendungen für Frachten & Treibstoff,EUR,1269889.99,0.00,1269889.99,Direct Cost of Goods & Services Delivered
GL-0000696,BAT-202412-LOGI_EU-03,2024-12-28,2024-12,LOGI_EU,Dynamics365,3300_VERBINDLICHKEITEN,Verbindlichkeiten aus Lieferungen,EUR,0.00,1269889.99,-1269889.99,Vendor Invoices Received
GL-0000697,BAT-202412-LOGI_EU-04,2024-12-28,2024-12,LOGI_EU,Dynamics365,3300_VERBINDLICHKEITEN,Verbindlichkeiten aus Lieferungen,EUR,1142900.99,0.00,1142900.99,Vendor AP Disbursed
GL-0000698,BAT-202412-LOGI_EU-04,2024-12-28,2024-12,LOGI_EU,Dynamics365,1200_BANK_EUR,Deutsche Bank Geschäftsguthaben,EUR,0.00,1142900.99,-1142900.99,Operating Cash Disbursed for Direct COGS
GL-0000699,BAT-202412-LOGI_EU-05,2024-12-28,2024-12,LOGI_EU,Dynamics365,6200_PERSONALAUFWAND,Personalaufwand und allgemeine Verwaltung,EUR,665600.00,0.00,665600.00,"SG&A Payroll, Overhead & Admin Expenses"
GL-0000700,BAT-202412-LOGI_EU-05,2024-12-28,2024-12,LOGI_EU,Dynamics365,1200_BANK_EUR,Deutsche Bank Geschäftsguthaben,EUR,0.00,665600.00,-665600.00,Cash Disbursement for SG&A
GL-0000701,BAT-202412-LOGI_EU-06,2024-12-28,2024-12,LOGI_EU,Dynamics365,6500_ABSCHREIBUNGEN,Abschreibungen auf Fuhrpark und Logistik,EUR,90000.00,0.00,90000.00,Monthly Depreciation & Amortization
GL-0000702,BAT-202412-LOGI_EU-06,2024-12-28,2024-12,LOGI_EU,Dynamics365,2000_EIGENKAPITAL,Gezeichnetes Kapital und Rücklagen,EUR,0.00,90000.00,-90000.00,Accumulated Depreciation / Reserve Allocation
GL-0000703,BAT-202412-LOGI_EU-07,2024-12-28,2024-12,LOGI_EU,Dynamics365,7300_ZINSAUFWAND,Zinsaufwendungen für Darlehen,EUR,155875.00,0.00,155875.00,Senior Facility Monthly Interest Charge
GL-0000704,BAT-202412-LOGI_EU-07,2024-12-28,2024-12,LOGI_EU,Dynamics365,0630_ANLEIHEN,Langfristige Bankverbindlichkeiten,EUR,250000.00,0.00,250000.00,Senior Debt Principal Amortization
GL-0000705,BAT-202412-LOGI_EU-07,2024-12-28,2024-12,LOGI_EU,Dynamics365,1200_BANK_EUR,Deutsche Bank Geschäftsguthaben,EUR,0.00,405875.00,-405875.00,Cash Wire for Scheduled Debt Service
GL-0000706,BAT-202412-RETAIL_US-01,2024-12-28,2024-12,RETAIL_US,QuickBooks,120_Accounts_Receivable,Trade Accounts Receivable Control,USD,1229542.73,0.00,1229542.73,Commercial Invoicing & Billing
GL-0000707,BAT-202412-RETAIL_US-01,2024-12-28,2024-12,RETAIL_US,QuickBooks,401_Merch_Sales,Omnichannel Merchandise Sales,USD,0.00,1229542.73,-1229542.73,Core Operating Revenue Earned
GL-0000708,BAT-202412-RETAIL_US-02,2024-12-28,2024-12,RETAIL_US,QuickBooks,101_Operating_Checking,Chase Commercial Operating Account,USD,1168065.59,0.00,1168065.59,Cash Collections from Customers
GL-0000709,BAT-202412-RETAIL_US-02,2024-12-28,2024-12,RETAIL_US,QuickBooks,120_Accounts_Receivable,Trade Accounts Receivable Control,USD,0.00,1168065.59,-1168065.59,AR Settlement from Collections
GL-0000710,BAT-202412-RETAIL_US-03,2024-12-28,2024-12,RETAIL_US,QuickBooks,501_Cost_Goods_Sold,Cost of Goods Sold & Direct Freight,USD,540998.80,0.00,540998.80,Direct Cost of Goods & Services Delivered
GL-0000711,BAT-202412-RETAIL_US-03,2024-12-28,2024-12,RETAIL_US,QuickBooks,201_Accounts_Payable,Vendor Accounts Payable Control,USD,0.00,540998.80,-540998.80,Vendor Invoices Received
GL-0000712,BAT-202412-RETAIL_US-04,2024-12-28,2024-12,RETAIL_US,QuickBooks,201_Accounts_Payable,Vendor Accounts Payable Control,USD,486898.92,0.00,486898.92,Vendor AP Disbursed
GL-0000713,BAT-202412-RETAIL_US-04,2024-12-28,2024-12,RETAIL_US,QuickBooks,101_Operating_Checking,Chase Commercial Operating Account,USD,0.00,486898.92,-486898.92,Operating Cash Disbursed for Direct COGS
GL-0000714,BAT-202412-RETAIL_US-05,2024-12-28,2024-12,RETAIL_US,QuickBooks,601_Payroll_SG&A,"Store Payroll, Marketing, & Rent",USD,344064.00,0.00,344064.00,"SG&A Payroll, Overhead & Admin Expenses"
GL-0000715,BAT-202412-RETAIL_US-05,2024-12-28,2024-12,RETAIL_US,QuickBooks,101_Operating_Checking,Chase Commercial Operating Account,USD,0.00,344064.00,-344064.00,Cash Disbursement for SG&A
GL-0000716,BAT-202412-RETAIL_US-06,2024-12-28,2024-12,RETAIL_US,QuickBooks,680_Depreciation,Depreciation on Store Fixtures,USD,45000.00,0.00,45000.00,Monthly Depreciation & Amortization
GL-0000717,BAT-202412-RETAIL_US-06,2024-12-28,2024-12,RETAIL_US,QuickBooks,301_Owners_Equity,Shareholder Equity & Retained Earnings,USD,0.00,45000.00,-45000.00,Accumulated Depreciation / Reserve Allocation
GL-0000718,BAT-202412-RETAIL_US-07,2024-12-28,2024-12,RETAIL_US,QuickBooks,701_Interest_Expense,Revolver & Term Interest Expense,USD,92666.67,0.00,92666.67,Senior Facility Monthly Interest Charge
GL-0000719,BAT-202412-RETAIL_US-07,2024-12-28,2024-12,RETAIL_US,QuickBooks,270_Note_Payable,Asset-Based Term Loan Principal,USD,100000.00,0.00,100000.00,Senior Debt Principal Amortization
GL-0000720,BAT-202412-RETAIL_US-07,2024-12-28,2024-12,RETAIL_US,QuickBooks,101_Operating_Checking,Chase Commercial Operating Account,USD,0.00,192666.67,-192666.67,Cash Wire for Scheduled Debt Service
GL-0000721,BAT-202501-DURA_US-01,2025-01-28,2025-01,DURA_US,SAP,GL_AR_110010,Trade Accounts Receivable Commercial,USD,3746495.82,0.00,3746495.82,Commercial Invoicing & Billing
GL-0000722,BAT-202501-DURA_US-01,2025-01-28,2025-01,DURA_US,SAP,GL_REV_400010,Gross Revenue Industrial Sales,USD,0.00,3746495.82,-3746495.82,Core Operating Revenue Earned
GL-0000723,BAT-202501-DURA_US-02,2025-01-28,2025-01,DURA_US,SAP,GL_CASH_100010,JPMorgan Treasury Operating Checking,USD,3559171.03,0.00,3559171.03,Cash Collections from Customers
GL-0000724,BAT-202501-DURA_US-02,2025-01-28,2025-01,DURA_US,SAP,GL_AR_110010,Trade Accounts Receivable Commercial,USD,0.00,3559171.03,-3559171.03,AR Settlement from Collections
GL-0000725,BAT-202501-DURA_US-03,2025-01-28,2025-01,DURA_US,SAP,GL_COGS_500010,Direct Manufacturing Material & Labor,USD,1723388.08,0.00,1723388.08,Direct Cost of Goods & Services Delivered
GL-0000726,BAT-202501-DURA_US-03,2025-01-28,2025-01,DURA_US,SAP,GL_AP_200010,Trade Accounts Payable Vendors,USD,0.00,1723388.08,-1723388.08,Vendor Invoices Received
GL-0000727,BAT-202501-DURA_US-04,2025-01-28,2025-01,DURA_US,SAP,GL_AP_200010,Trade Accounts Payable Vendors,USD,1551049.27,0.00,1551049.27,Vendor AP Disbursed
GL-0000728,BAT-202501-DURA_US-04,2025-01-28,2025-01,DURA_US,SAP,GL_CASH_100010,JPMorgan Treasury Operating Checking,USD,0.00,1551049.27,-1551049.27,Operating Cash Disbursed for Direct COGS
GL-0000729,BAT-202501-DURA_US-05,2025-01-28,2025-01,DURA_US,SAP,GL_OPEX_600010,SG&A Operating Overhead & Payroll,USD,825930.00,0.00,825930.00,"SG&A Payroll, Overhead & Admin Expenses"
GL-0000730,BAT-202501-DURA_US-05,2025-01-28,2025-01,DURA_US,SAP,GL_CASH_100010,JPMorgan Treasury Operating Checking,USD,0.00,825930.00,-825930.00,Cash Disbursement for SG&A
GL-0000731,BAT-202501-DURA_US-06,2025-01-28,2025-01,DURA_US,SAP,GL_DA_700010,Plant & Machinery Depreciation,USD,120000.00,0.00,120000.00,Monthly Depreciation & Amortization
GL-0000732,BAT-202501-DURA_US-06,2025-01-28,2025-01,DURA_US,SAP,GL_EQ_300010,Retained Earnings & Contributed Surplus,USD,0.00,120000.00,-120000.00,Accumulated Depreciation / Reserve Allocation
GL-0000733,BAT-202501-DURA_US-07,2025-01-28,2025-01,DURA_US,SAP,GL_INT_800010,Senior Facility Interest Expense,USD,282500.00,0.00,282500.00,Senior Facility Monthly Interest Charge
GL-0000734,BAT-202501-DURA_US-07,2025-01-28,2025-01,DURA_US,SAP,GL_DEBT_250010,Senior Secured Term Loan Principal,USD,400000.00,0.00,400000.00,Senior Debt Principal Amortization
GL-0000735,BAT-202501-DURA_US-07,2025-01-28,2025-01,DURA_US,SAP,GL_CASH_100010,JPMorgan Treasury Operating Checking,USD,0.00,682500.00,-682500.00,Cash Wire for Scheduled Debt Service
GL-0000736,BAT-202501-MED_UK-01,2025-01-28,2025-01,MED_UK,NetSuite,AR-CUSTOMERS,B2B Subscription Receivables Control,GBP,1907267.92,0.00,1907267.92,Commercial Invoicing & Billing
GL-0000737,BAT-202501-MED_UK-01,2025-01-28,2025-01,MED_UK,NetSuite,REV-SUB-ARR,SaaS Subscription ARR Recurring Revenue,GBP,0.00,1907267.92,-1907267.92,Core Operating Revenue Earned
GL-0000738,BAT-202501-MED_UK-02,2025-01-28,2025-01,MED_UK,NetSuite,CASH-BARCLAYS-GBP,Barclays Commercial Operating Account,GBP,1811904.52,0.00,1811904.52,Cash Collections from Customers
GL-0000739,BAT-202501-MED_UK-02,2025-01-28,2025-01,MED_UK,NetSuite,AR-CUSTOMERS,B2B Subscription Receivables Control,GBP,0.00,1811904.52,-1811904.52,AR Settlement from Collections
GL-0000740,BAT-202501-MED_UK-03,2025-01-28,2025-01,MED_UK,NetSuite,COGS-HOST-AWS,AWS Hosting & Direct Infrastructure,GBP,610325.73,0.00,610325.73,Direct Cost of Goods & Services Delivered
GL-0000741,BAT-202501-MED_UK-03,2025-01-28,2025-01,MED_UK,NetSuite,AP-VENDORS,Trade Accounts Payable Vendor Ledger,GBP,0.00,610325.73,-610325.73,Vendor Invoices Received
GL-0000742,BAT-202501-MED_UK-04,2025-01-28,2025-01,MED_UK,NetSuite,AP-VENDORS,Trade Accounts Payable Vendor Ledger,GBP,549293.16,0.00,549293.16,Vendor AP Disbursed
GL-0000743,BAT-202501-MED_UK-04,2025-01-28,2025-01,MED_UK,NetSuite,CASH-BARCLAYS-GBP,Barclays Commercial Operating Account,GBP,0.00,549293.16,-549293.16,Operating Cash Disbursed for Direct COGS
GL-0000744,BAT-202501-MED_UK-05,2025-01-28,2025-01,MED_UK,NetSuite,OPEX-SALES-MKTG,"Sales, Marketing, R&D and Admin",GBP,646380.00,0.00,646380.00,"SG&A Payroll, Overhead & Admin Expenses"
GL-0000745,BAT-202501-MED_UK-05,2025-01-28,2025-01,MED_UK,NetSuite,CASH-BARCLAYS-GBP,Barclays Commercial Operating Account,GBP,0.00,646380.00,-646380.00,Cash Disbursement for SG&A
GL-0000746,BAT-202501-MED_UK-06,2025-01-28,2025-01,MED_UK,NetSuite,DA-SERVER-AMORT,Capitalized Software Amortization,GBP,75000.00,0.00,75000.00,Monthly Depreciation & Amortization
GL-0000747,BAT-202501-MED_UK-06,2025-01-28,2025-01,MED_UK,NetSuite,EQ-COMMON-CAP,Common Equity & Retained Earnings,GBP,0.00,75000.00,-75000.00,Accumulated Depreciation / Reserve Allocation
GL-0000748,BAT-202501-MED_UK-07,2025-01-28,2025-01,MED_UK,NetSuite,FIN-TERM-INT,Growth Debt Monthly Interest Charge,GBP,123716.67,0.00,123716.67,Senior Facility Monthly Interest Charge
GL-0000749,BAT-202501-MED_UK-07,2025-01-28,2025-01,MED_UK,NetSuite,DEBT-SENIOR-FAC,Syndicated Senior Debt Tranche,GBP,180000.00,0.00,180000.00,Senior Debt Principal Amortization
GL-0000750,BAT-202501-MED_UK-07,2025-01-28,2025-01,MED_UK,NetSuite,CASH-BARCLAYS-GBP,Barclays Commercial Operating Account,GBP,0.00,303716.67,-303716.67,Cash Wire for Scheduled Debt Service
GL-0000751,BAT-202501-LOGI_EU-01,2025-01-28,2025-01,LOGI_EU,Dynamics365,1400_FORDERUNGEN,Forderungen aus Lieferungen und Leistungen,EUR,2755498.82,0.00,2755498.82,Commercial Invoicing & Billing
GL-0000752,BAT-202501-LOGI_EU-01,2025-01-28,2025-01,LOGI_EU,Dynamics365,4400_ERLOESE,Erlöse aus Logistikdienstleistungen,EUR,0.00,2755498.82,-2755498.82,Core Operating Revenue Earned
GL-0000753,BAT-202501-LOGI_EU-02,2025-01-28,2025-01,LOGI_EU,Dynamics365,1200_BANK_EUR,Deutsche Bank Geschäftsguthaben,EUR,2617723.88,0.00,2617723.88,Cash Collections from Customers
GL-0000754,BAT-202501-LOGI_EU-02,2025-01-28,2025-01,LOGI_EU,Dynamics365,1400_FORDERUNGEN,Forderungen aus Lieferungen und Leistungen,EUR,0.00,2617723.88,-2617723.88,AR Settlement from Collections
GL-0000755,BAT-202501-LOGI_EU-03,2025-01-28,2025-01,LOGI_EU,Dynamics365,5400_WARENEINSATZ,Aufwendungen für Frachten & Treibstoff,EUR,1322639.43,0.00,1322639.43,Direct Cost of Goods & Services Delivered
GL-0000756,BAT-202501-LOGI_EU-03,2025-01-28,2025-01,LOGI_EU,Dynamics365,3300_VERBINDLICHKEITEN,Verbindlichkeiten aus Lieferungen,EUR,0.00,1322639.43,-1322639.43,Vendor Invoices Received
GL-0000757,BAT-202501-LOGI_EU-04,2025-01-28,2025-01,LOGI_EU,Dynamics365,3300_VERBINDLICHKEITEN,Verbindlichkeiten aus Lieferungen,EUR,1190375.49,0.00,1190375.49,Vendor AP Disbursed
GL-0000758,BAT-202501-LOGI_EU-04,2025-01-28,2025-01,LOGI_EU,Dynamics365,1200_BANK_EUR,Deutsche Bank Geschäftsguthaben,EUR,0.00,1190375.49,-1190375.49,Operating Cash Disbursed for Direct COGS
GL-0000759,BAT-202501-LOGI_EU-05,2025-01-28,2025-01,LOGI_EU,Dynamics365,6200_PERSONALAUFWAND,Personalaufwand und allgemeine Verwaltung,EUR,666900.00,0.00,666900.00,"SG&A Payroll, Overhead & Admin Expenses"
GL-0000760,BAT-202501-LOGI_EU-05,2025-01-28,2025-01,LOGI_EU,Dynamics365,1200_BANK_EUR,Deutsche Bank Geschäftsguthaben,EUR,0.00,666900.00,-666900.00,Cash Disbursement for SG&A
GL-0000761,BAT-202501-LOGI_EU-06,2025-01-28,2025-01,LOGI_EU,Dynamics365,6500_ABSCHREIBUNGEN,Abschreibungen auf Fuhrpark und Logistik,EUR,90000.00,0.00,90000.00,Monthly Depreciation & Amortization
GL-0000762,BAT-202501-LOGI_EU-06,2025-01-28,2025-01,LOGI_EU,Dynamics365,2000_EIGENKAPITAL,Gezeichnetes Kapital und Rücklagen,EUR,0.00,90000.00,-90000.00,Accumulated Depreciation / Reserve Allocation
GL-0000763,BAT-202501-LOGI_EU-07,2025-01-28,2025-01,LOGI_EU,Dynamics365,7300_ZINSAUFWAND,Zinsaufwendungen für Darlehen,EUR,154666.67,0.00,154666.67,Senior Facility Monthly Interest Charge
GL-0000764,BAT-202501-LOGI_EU-07,2025-01-28,2025-01,LOGI_EU,Dynamics365,0630_ANLEIHEN,Langfristige Bankverbindlichkeiten,EUR,250000.00,0.00,250000.00,Senior Debt Principal Amortization
GL-0000765,BAT-202501-LOGI_EU-07,2025-01-28,2025-01,LOGI_EU,Dynamics365,1200_BANK_EUR,Deutsche Bank Geschäftsguthaben,EUR,0.00,404666.67,-404666.67,Cash Wire for Scheduled Debt Service
GL-0000766,BAT-202501-RETAIL_US-01,2025-01-28,2025-01,RETAIL_US,QuickBooks,120_Accounts_Receivable,Trade Accounts Receivable Control,USD,1264056.34,0.00,1264056.34,Commercial Invoicing & Billing
GL-0000767,BAT-202501-RETAIL_US-01,2025-01-28,2025-01,RETAIL_US,QuickBooks,401_Merch_Sales,Omnichannel Merchandise Sales,USD,0.00,1264056.34,-1264056.34,Core Operating Revenue Earned
GL-0000768,BAT-202501-RETAIL_US-02,2025-01-28,2025-01,RETAIL_US,QuickBooks,101_Operating_Checking,Chase Commercial Operating Account,USD,1200853.52,0.00,1200853.52,Cash Collections from Customers
GL-0000769,BAT-202501-RETAIL_US-02,2025-01-28,2025-01,RETAIL_US,QuickBooks,120_Accounts_Receivable,Trade Accounts Receivable Control,USD,0.00,1200853.52,-1200853.52,AR Settlement from Collections
GL-0000770,BAT-202501-RETAIL_US-03,2025-01-28,2025-01,RETAIL_US,QuickBooks,501_Cost_Goods_Sold,Cost of Goods Sold & Direct Freight,USD,556184.79,0.00,556184.79,Direct Cost of Goods & Services Delivered
GL-0000771,BAT-202501-RETAIL_US-03,2025-01-28,2025-01,RETAIL_US,QuickBooks,201_Accounts_Payable,Vendor Accounts Payable Control,USD,0.00,556184.79,-556184.79,Vendor Invoices Received
GL-0000772,BAT-202501-RETAIL_US-04,2025-01-28,2025-01,RETAIL_US,QuickBooks,201_Accounts_Payable,Vendor Accounts Payable Control,USD,500566.31,0.00,500566.31,Vendor AP Disbursed
GL-0000773,BAT-202501-RETAIL_US-04,2025-01-28,2025-01,RETAIL_US,QuickBooks,101_Operating_Checking,Chase Commercial Operating Account,USD,0.00,500566.31,-500566.31,Operating Cash Disbursed for Direct COGS
GL-0000774,BAT-202501-RETAIL_US-05,2025-01-28,2025-01,RETAIL_US,QuickBooks,601_Payroll_SG&A,"Store Payroll, Marketing, & Rent",USD,344736.00,0.00,344736.00,"SG&A Payroll, Overhead & Admin Expenses"
GL-0000775,BAT-202501-RETAIL_US-05,2025-01-28,2025-01,RETAIL_US,QuickBooks,101_Operating_Checking,Chase Commercial Operating Account,USD,0.00,344736.00,-344736.00,Cash Disbursement for SG&A
GL-0000776,BAT-202501-RETAIL_US-06,2025-01-28,2025-01,RETAIL_US,QuickBooks,680_Depreciation,Depreciation on Store Fixtures,USD,45000.00,0.00,45000.00,Monthly Depreciation & Amortization
GL-0000777,BAT-202501-RETAIL_US-06,2025-01-28,2025-01,RETAIL_US,QuickBooks,301_Owners_Equity,Shareholder Equity & Retained Earnings,USD,0.00,45000.00,-45000.00,Accumulated Depreciation / Reserve Allocation
GL-0000778,BAT-202501-RETAIL_US-07,2025-01-28,2025-01,RETAIL_US,QuickBooks,701_Interest_Expense,Revolver & Term Interest Expense,USD,92000.00,0.00,92000.00,Senior Facility Monthly Interest Charge
GL-0000779,BAT-202501-RETAIL_US-07,2025-01-28,2025-01,RETAIL_US,QuickBooks,270_Note_Payable,Asset-Based Term Loan Principal,USD,100000.00,0.00,100000.00,Senior Debt Principal Amortization
GL-0000780,BAT-202501-RETAIL_US-07,2025-01-28,2025-01,RETAIL_US,QuickBooks,101_Operating_Checking,Chase Commercial Operating Account,USD,0.00,192000.00,-192000.00,Cash Wire for Scheduled Debt Service
GL-0000781,BAT-202502-DURA_US-01,2025-02-28,2025-02,DURA_US,SAP,GL_AR_110010,Trade Accounts Receivable Commercial,USD,3806001.90,0.00,3806001.90,Commercial Invoicing & Billing
GL-0000782,BAT-202502-DURA_US-01,2025-02-28,2025-02,DURA_US,SAP,GL_REV_400010,Gross Revenue Industrial Sales,USD,0.00,3806001.90,-3806001.90,Core Operating Revenue Earned
GL-0000783,BAT-202502-DURA_US-02,2025-02-28,2025-02,DURA_US,SAP,GL_CASH_100010,JPMorgan Treasury Operating Checking,USD,3615701.80,0.00,3615701.80,Cash Collections from Customers
GL-0000784,BAT-202502-DURA_US-02,2025-02-28,2025-02,DURA_US,SAP,GL_AR_110010,Trade Accounts Receivable Commercial,USD,0.00,3615701.80,-3615701.80,AR Settlement from Collections
GL-0000785,BAT-202502-DURA_US-03,2025-02-28,2025-02,DURA_US,SAP,GL_COGS_500010,Direct Manufacturing Material & Labor,USD,1750760.87,0.00,1750760.87,Direct Cost of Goods & Services Delivered
GL-0000786,BAT-202502-DURA_US-03,2025-02-28,2025-02,DURA_US,SAP,GL_AP_200010,Trade Accounts Payable Vendors,USD,0.00,1750760.87,-1750760.87,Vendor Invoices Received
GL-0000787,BAT-202502-DURA_US-04,2025-02-28,2025-02,DURA_US,SAP,GL_AP_200010,Trade Accounts Payable Vendors,USD,1575684.78,0.00,1575684.78,Vendor AP Disbursed
GL-0000788,BAT-202502-DURA_US-04,2025-02-28,2025-02,DURA_US,SAP,GL_CASH_100010,JPMorgan Treasury Operating Checking,USD,0.00,1575684.78,-1575684.78,Operating Cash Disbursed for Direct COGS
GL-0000789,BAT-202502-DURA_US-05,2025-02-28,2025-02,DURA_US,SAP,GL_OPEX_600010,SG&A Operating Overhead & Payroll,USD,827540.00,0.00,827540.00,"SG&A Payroll, Overhead & Admin Expenses"
GL-0000790,BAT-202502-DURA_US-05,2025-02-28,2025-02,DURA_US,SAP,GL_CASH_100010,JPMorgan Treasury Operating Checking,USD,0.00,827540.00,-827540.00,Cash Disbursement for SG&A
GL-0000791,BAT-202502-DURA_US-06,2025-02-28,2025-02,DURA_US,SAP,GL_DA_700010,Plant & Machinery Depreciation,USD,120000.00,0.00,120000.00,Monthly Depreciation & Amortization
GL-0000792,BAT-202502-DURA_US-06,2025-02-28,2025-02,DURA_US,SAP,GL_EQ_300010,Retained Earnings & Contributed Surplus,USD,0.00,120000.00,-120000.00,Accumulated Depreciation / Reserve Allocation
GL-0000793,BAT-202502-DURA_US-07,2025-02-28,2025-02,DURA_US,SAP,GL_INT_800010,Senior Facility Interest Expense,USD,280000.00,0.00,280000.00,Senior Facility Monthly Interest Charge
GL-0000794,BAT-202502-DURA_US-07,2025-02-28,2025-02,DURA_US,SAP,GL_DEBT_250010,Senior Secured Term Loan Principal,USD,400000.00,0.00,400000.00,Senior Debt Principal Amortization
GL-0000795,BAT-202502-DURA_US-07,2025-02-28,2025-02,DURA_US,SAP,GL_CASH_100010,JPMorgan Treasury Operating Checking,USD,0.00,680000.00,-680000.00,Cash Wire for Scheduled Debt Service
GL-0000796,BAT-202502-MED_UK-01,2025-02-28,2025-02,MED_UK,NetSuite,AR-CUSTOMERS,B2B Subscription Receivables Control,GBP,2005589.13,0.00,2005589.13,Commercial Invoicing & Billing
GL-0000797,BAT-202502-MED_UK-01,2025-02-28,2025-02,MED_UK,NetSuite,REV-SUB-ARR,SaaS Subscription ARR Recurring Revenue,GBP,0.00,2005589.13,-2005589.13,Core Operating Revenue Earned
GL-0000798,BAT-202502-MED_UK-02,2025-02-28,2025-02,MED_UK,NetSuite,CASH-BARCLAYS-GBP,Barclays Commercial Operating Account,GBP,1905309.67,0.00,1905309.67,Cash Collections from Customers
GL-0000799,BAT-202502-MED_UK-02,2025-02-28,2025-02,MED_UK,NetSuite,AR-CUSTOMERS,B2B Subscription Receivables Control,GBP,0.00,1905309.67,-1905309.67,AR Settlement from Collections
GL-0000800,BAT-202502-MED_UK-03,2025-02-28,2025-02,MED_UK,NetSuite,COGS-HOST-AWS,AWS Hosting & Direct Infrastructure,GBP,641788.52,0.00,641788.52,Direct Cost of Goods & Services Delivered
GL-0000801,BAT-202502-MED_UK-03,2025-02-28,2025-02,MED_UK,NetSuite,AP-VENDORS,Trade Accounts Payable Vendor Ledger,GBP,0.00,641788.52,-641788.52,Vendor Invoices Received
GL-0000802,BAT-202502-MED_UK-04,2025-02-28,2025-02,MED_UK,NetSuite,AP-VENDORS,Trade Accounts Payable Vendor Ledger,GBP,577609.67,0.00,577609.67,Vendor AP Disbursed
GL-0000803,BAT-202502-MED_UK-04,2025-02-28,2025-02,MED_UK,NetSuite,CASH-BARCLAYS-GBP,Barclays Commercial Operating Account,GBP,0.00,577609.67,-577609.67,Operating Cash Disbursed for Direct COGS
GL-0000804,BAT-202502-MED_UK-05,2025-02-28,2025-02,MED_UK,NetSuite,OPEX-SALES-MKTG,"Sales, Marketing, R&D and Admin",GBP,647640.00,0.00,647640.00,"SG&A Payroll, Overhead & Admin Expenses"
GL-0000805,BAT-202502-MED_UK-05,2025-02-28,2025-02,MED_UK,NetSuite,CASH-BARCLAYS-GBP,Barclays Commercial Operating Account,GBP,0.00,647640.00,-647640.00,Cash Disbursement for SG&A
GL-0000806,BAT-202502-MED_UK-06,2025-02-28,2025-02,MED_UK,NetSuite,DA-SERVER-AMORT,Capitalized Software Amortization,GBP,75000.00,0.00,75000.00,Monthly Depreciation & Amortization
GL-0000807,BAT-202502-MED_UK-06,2025-02-28,2025-02,MED_UK,NetSuite,EQ-COMMON-CAP,Common Equity & Retained Earnings,GBP,0.00,75000.00,-75000.00,Accumulated Depreciation / Reserve Allocation
GL-0000808,BAT-202502-MED_UK-07,2025-02-28,2025-02,MED_UK,NetSuite,FIN-TERM-INT,Growth Debt Monthly Interest Charge,GBP,122741.67,0.00,122741.67,Senior Facility Monthly Interest Charge
GL-0000809,BAT-202502-MED_UK-07,2025-02-28,2025-02,MED_UK,NetSuite,DEBT-SENIOR-FAC,Syndicated Senior Debt Tranche,GBP,180000.00,0.00,180000.00,Senior Debt Principal Amortization
GL-0000810,BAT-202502-MED_UK-07,2025-02-28,2025-02,MED_UK,NetSuite,CASH-BARCLAYS-GBP,Barclays Commercial Operating Account,GBP,0.00,302741.67,-302741.67,Cash Wire for Scheduled Debt Service
GL-0000811,BAT-202502-LOGI_EU-01,2025-02-28,2025-02,LOGI_EU,Dynamics365,1400_FORDERUNGEN,Forderungen aus Lieferungen und Leistungen,EUR,2866945.68,0.00,2866945.68,Commercial Invoicing & Billing
GL-0000812,BAT-202502-LOGI_EU-01,2025-02-28,2025-02,LOGI_EU,Dynamics365,4400_ERLOESE,Erlöse aus Logistikdienstleistungen,EUR,0.00,2866945.68,-2866945.68,Core Operating Revenue Earned
GL-0000813,BAT-202502-LOGI_EU-02,2025-02-28,2025-02,LOGI_EU,Dynamics365,1200_BANK_EUR,Deutsche Bank Geschäftsguthaben,EUR,2723598.40,0.00,2723598.40,Cash Collections from Customers
GL-0000814,BAT-202502-LOGI_EU-02,2025-02-28,2025-02,LOGI_EU,Dynamics365,1400_FORDERUNGEN,Forderungen aus Lieferungen und Leistungen,EUR,0.00,2723598.40,-2723598.40,AR Settlement from Collections
GL-0000815,BAT-202502-LOGI_EU-03,2025-02-28,2025-02,LOGI_EU,Dynamics365,5400_WARENEINSATZ,Aufwendungen für Frachten & Treibstoff,EUR,1376133.93,0.00,1376133.93,Direct Cost of Goods & Services Delivered
GL-0000816,BAT-202502-LOGI_EU-03,2025-02-28,2025-02,LOGI_EU,Dynamics365,3300_VERBINDLICHKEITEN,Verbindlichkeiten aus Lieferungen,EUR,0.00,1376133.93,-1376133.93,Vendor Invoices Received
GL-0000817,BAT-202502-LOGI_EU-04,2025-02-28,2025-02,LOGI_EU,Dynamics365,3300_VERBINDLICHKEITEN,Verbindlichkeiten aus Lieferungen,EUR,1238520.54,0.00,1238520.54,Vendor AP Disbursed
GL-0000818,BAT-202502-LOGI_EU-04,2025-02-28,2025-02,LOGI_EU,Dynamics365,1200_BANK_EUR,Deutsche Bank Geschäftsguthaben,EUR,0.00,1238520.54,-1238520.54,Operating Cash Disbursed for Direct COGS
GL-0000819,BAT-202502-LOGI_EU-05,2025-02-28,2025-02,LOGI_EU,Dynamics365,6200_PERSONALAUFWAND,Personalaufwand und allgemeine Verwaltung,EUR,668200.00,0.00,668200.00,"SG&A Payroll, Overhead & Admin Expenses"
GL-0000820,BAT-202502-LOGI_EU-05,2025-02-28,2025-02,LOGI_EU,Dynamics365,1200_BANK_EUR,Deutsche Bank Geschäftsguthaben,EUR,0.00,668200.00,-668200.00,Cash Disbursement for SG&A
GL-0000821,BAT-202502-LOGI_EU-06,2025-02-28,2025-02,LOGI_EU,Dynamics365,6500_ABSCHREIBUNGEN,Abschreibungen auf Fuhrpark und Logistik,EUR,90000.00,0.00,90000.00,Monthly Depreciation & Amortization
GL-0000822,BAT-202502-LOGI_EU-06,2025-02-28,2025-02,LOGI_EU,Dynamics365,2000_EIGENKAPITAL,Gezeichnetes Kapital und Rücklagen,EUR,0.00,90000.00,-90000.00,Accumulated Depreciation / Reserve Allocation
GL-0000823,BAT-202502-LOGI_EU-07,2025-02-28,2025-02,LOGI_EU,Dynamics365,7300_ZINSAUFWAND,Zinsaufwendungen für Darlehen,EUR,153458.33,0.00,153458.33,Senior Facility Monthly Interest Charge
GL-0000824,BAT-202502-LOGI_EU-07,2025-02-28,2025-02,LOGI_EU,Dynamics365,0630_ANLEIHEN,Langfristige Bankverbindlichkeiten,EUR,250000.00,0.00,250000.00,Senior Debt Principal Amortization
GL-0000825,BAT-202502-LOGI_EU-07,2025-02-28,2025-02,LOGI_EU,Dynamics365,1200_BANK_EUR,Deutsche Bank Geschäftsguthaben,EUR,0.00,403458.33,-403458.33,Cash Wire for Scheduled Debt Service
GL-0000826,BAT-202502-RETAIL_US-01,2025-02-28,2025-02,RETAIL_US,QuickBooks,120_Accounts_Receivable,Trade Accounts Receivable Control,USD,1321338.29,0.00,1321338.29,Commercial Invoicing & Billing
GL-0000827,BAT-202502-RETAIL_US-01,2025-02-28,2025-02,RETAIL_US,QuickBooks,401_Merch_Sales,Omnichannel Merchandise Sales,USD,0.00,1321338.29,-1321338.29,Core Operating Revenue Earned
GL-0000828,BAT-202502-RETAIL_US-02,2025-02-28,2025-02,RETAIL_US,QuickBooks,101_Operating_Checking,Chase Commercial Operating Account,USD,1255271.38,0.00,1255271.38,Cash Collections from Customers
GL-0000829,BAT-202502-RETAIL_US-02,2025-02-28,2025-02,RETAIL_US,QuickBooks,120_Accounts_Receivable,Trade Accounts Receivable Control,USD,0.00,1255271.38,-1255271.38,AR Settlement from Collections
GL-0000830,BAT-202502-RETAIL_US-03,2025-02-28,2025-02,RETAIL_US,QuickBooks,501_Cost_Goods_Sold,Cost of Goods Sold & Direct Freight,USD,581388.85,0.00,581388.85,Direct Cost of Goods & Services Delivered
GL-0000831,BAT-202502-RETAIL_US-03,2025-02-28,2025-02,RETAIL_US,QuickBooks,201_Accounts_Payable,Vendor Accounts Payable Control,USD,0.00,581388.85,-581388.85,Vendor Invoices Received
GL-0000832,BAT-202502-RETAIL_US-04,2025-02-28,2025-02,RETAIL_US,QuickBooks,201_Accounts_Payable,Vendor Accounts Payable Control,USD,523249.96,0.00,523249.96,Vendor AP Disbursed
GL-0000833,BAT-202502-RETAIL_US-04,2025-02-28,2025-02,RETAIL_US,QuickBooks,101_Operating_Checking,Chase Commercial Operating Account,USD,0.00,523249.96,-523249.96,Operating Cash Disbursed for Direct COGS
GL-0000834,BAT-202502-RETAIL_US-05,2025-02-28,2025-02,RETAIL_US,QuickBooks,601_Payroll_SG&A,"Store Payroll, Marketing, & Rent",USD,345408.00,0.00,345408.00,"SG&A Payroll, Overhead & Admin Expenses"
GL-0000835,BAT-202502-RETAIL_US-05,2025-02-28,2025-02,RETAIL_US,QuickBooks,101_Operating_Checking,Chase Commercial Operating Account,USD,0.00,345408.00,-345408.00,Cash Disbursement for SG&A
GL-0000836,BAT-202502-RETAIL_US-06,2025-02-28,2025-02,RETAIL_US,QuickBooks,680_Depreciation,Depreciation on Store Fixtures,USD,45000.00,0.00,45000.00,Monthly Depreciation & Amortization
GL-0000837,BAT-202502-RETAIL_US-06,2025-02-28,2025-02,RETAIL_US,QuickBooks,301_Owners_Equity,Shareholder Equity & Retained Earnings,USD,0.00,45000.00,-45000.00,Accumulated Depreciation / Reserve Allocation
GL-0000838,BAT-202502-RETAIL_US-07,2025-02-28,2025-02,RETAIL_US,QuickBooks,701_Interest_Expense,Revolver & Term Interest Expense,USD,91333.33,0.00,91333.33,Senior Facility Monthly Interest Charge
GL-0000839,BAT-202502-RETAIL_US-07,2025-02-28,2025-02,RETAIL_US,QuickBooks,270_Note_Payable,Asset-Based Term Loan Principal,USD,100000.00,0.00,100000.00,Senior Debt Principal Amortization
GL-0000840,BAT-202502-RETAIL_US-07,2025-02-28,2025-02,RETAIL_US,QuickBooks,101_Operating_Checking,Chase Commercial Operating Account,USD,0.00,191333.33,-191333.33,Cash Wire for Scheduled Debt Service
GL-0000841,BAT-202503-DURA_US-01,2025-03-28,2025-03,DURA_US,SAP,GL_AR_110010,Trade Accounts Receivable Commercial,USD,3879380.44,0.00,3879380.44,Commercial Invoicing & Billing
GL-0000842,BAT-202503-DURA_US-01,2025-03-28,2025-03,DURA_US,SAP,GL_REV_400010,Gross Revenue Industrial Sales,USD,0.00,3879380.44,-3879380.44,Core Operating Revenue Earned
GL-0000843,BAT-202503-DURA_US-02,2025-03-28,2025-03,DURA_US,SAP,GL_CASH_100010,JPMorgan Treasury Operating Checking,USD,3685411.42,0.00,3685411.42,Cash Collections from Customers
GL-0000844,BAT-202503-DURA_US-02,2025-03-28,2025-03,DURA_US,SAP,GL_AR_110010,Trade Accounts Receivable Commercial,USD,0.00,3685411.42,-3685411.42,AR Settlement from Collections
GL-0000845,BAT-202503-DURA_US-03,2025-03-28,2025-03,DURA_US,SAP,GL_COGS_500010,Direct Manufacturing Material & Labor,USD,1784515.00,0.00,1784515.00,Direct Cost of Goods & Services Delivered
GL-0000846,BAT-202503-DURA_US-03,2025-03-28,2025-03,DURA_US,SAP,GL_AP_200010,Trade Accounts Payable Vendors,USD,0.00,1784515.00,-1784515.00,Vendor Invoices Received
GL-0000847,BAT-202503-DURA_US-04,2025-03-28,2025-03,DURA_US,SAP,GL_AP_200010,Trade Accounts Payable Vendors,USD,1606063.50,0.00,1606063.50,Vendor AP Disbursed
GL-0000848,BAT-202503-DURA_US-04,2025-03-28,2025-03,DURA_US,SAP,GL_CASH_100010,JPMorgan Treasury Operating Checking,USD,0.00,1606063.50,-1606063.50,Operating Cash Disbursed for Direct COGS
GL-0000849,BAT-202503-DURA_US-05,2025-03-28,2025-03,DURA_US,SAP,GL_OPEX_600010,SG&A Operating Overhead & Payroll,USD,829150.00,0.00,829150.00,"SG&A Payroll, Overhead & Admin Expenses"
GL-0000850,BAT-202503-DURA_US-05,2025-03-28,2025-03,DURA_US,SAP,GL_CASH_100010,JPMorgan Treasury Operating Checking,USD,0.00,829150.00,-829150.00,Cash Disbursement for SG&A
GL-0000851,BAT-202503-DURA_US-06,2025-03-28,2025-03,DURA_US,SAP,GL_DA_700010,Plant & Machinery Depreciation,USD,120000.00,0.00,120000.00,Monthly Depreciation & Amortization
GL-0000852,BAT-202503-DURA_US-06,2025-03-28,2025-03,DURA_US,SAP,GL_EQ_300010,Retained Earnings & Contributed Surplus,USD,0.00,120000.00,-120000.00,Accumulated Depreciation / Reserve Allocation
GL-0000853,BAT-202503-DURA_US-07,2025-03-28,2025-03,DURA_US,SAP,GL_INT_800010,Senior Facility Interest Expense,USD,277500.00,0.00,277500.00,Senior Facility Monthly Interest Charge
GL-0000854,BAT-202503-DURA_US-07,2025-03-28,2025-03,DURA_US,SAP,GL_DEBT_250010,Senior Secured Term Loan Principal,USD,400000.00,0.00,400000.00,Senior Debt Principal Amortization
GL-0000855,BAT-202503-DURA_US-07,2025-03-28,2025-03,DURA_US,SAP,GL_CASH_100010,JPMorgan Treasury Operating Checking,USD,0.00,677500.00,-677500.00,Cash Wire for Scheduled Debt Service
GL-0000856,BAT-202503-MED_UK-01,2025-03-28,2025-03,MED_UK,NetSuite,AR-CUSTOMERS,B2B Subscription Receivables Control,GBP,2035285.09,0.00,2035285.09,Commercial Invoicing & Billing
GL-0000857,BAT-202503-MED_UK-01,2025-03-28,2025-03,MED_UK,NetSuite,REV-SUB-ARR,SaaS Subscription ARR Recurring Revenue,GBP,0.00,2035285.09,-2035285.09,Core Operating Revenue Earned
GL-0000858,BAT-202503-MED_UK-02,2025-03-28,2025-03,MED_UK,NetSuite,CASH-BARCLAYS-GBP,Barclays Commercial Operating Account,GBP,1933520.84,0.00,1933520.84,Cash Collections from Customers
GL-0000859,BAT-202503-MED_UK-02,2025-03-28,2025-03,MED_UK,NetSuite,AR-CUSTOMERS,B2B Subscription Receivables Control,GBP,0.00,1933520.84,-1933520.84,AR Settlement from Collections
GL-0000860,BAT-202503-MED_UK-03,2025-03-28,2025-03,MED_UK,NetSuite,COGS-HOST-AWS,AWS Hosting & Direct Infrastructure,GBP,651291.23,0.00,651291.23,Direct Cost of Goods & Services Delivered
GL-0000861,BAT-202503-MED_UK-03,2025-03-28,2025-03,MED_UK,NetSuite,AP-VENDORS,Trade Accounts Payable Vendor Ledger,GBP,0.00,651291.23,-651291.23,Vendor Invoices Received
GL-0000862,BAT-202503-MED_UK-04,2025-03-28,2025-03,MED_UK,NetSuite,AP-VENDORS,Trade Accounts Payable Vendor Ledger,GBP,586162.11,0.00,586162.11,Vendor AP Disbursed
GL-0000863,BAT-202503-MED_UK-04,2025-03-28,2025-03,MED_UK,NetSuite,CASH-BARCLAYS-GBP,Barclays Commercial Operating Account,GBP,0.00,586162.11,-586162.11,Operating Cash Disbursed for Direct COGS
GL-0000864,BAT-202503-MED_UK-05,2025-03-28,2025-03,MED_UK,NetSuite,OPEX-SALES-MKTG,"Sales, Marketing, R&D and Admin",GBP,648900.00,0.00,648900.00,"SG&A Payroll, Overhead & Admin Expenses"
GL-0000865,BAT-202503-MED_UK-05,2025-03-28,2025-03,MED_UK,NetSuite,CASH-BARCLAYS-GBP,Barclays Commercial Operating Account,GBP,0.00,648900.00,-648900.00,Cash Disbursement for SG&A
GL-0000866,BAT-202503-MED_UK-06,2025-03-28,2025-03,MED_UK,NetSuite,DA-SERVER-AMORT,Capitalized Software Amortization,GBP,75000.00,0.00,75000.00,Monthly Depreciation & Amortization
GL-0000867,BAT-202503-MED_UK-06,2025-03-28,2025-03,MED_UK,NetSuite,EQ-COMMON-CAP,Common Equity & Retained Earnings,GBP,0.00,75000.00,-75000.00,Accumulated Depreciation / Reserve Allocation
GL-0000868,BAT-202503-MED_UK-07,2025-03-28,2025-03,MED_UK,NetSuite,FIN-TERM-INT,Growth Debt Monthly Interest Charge,GBP,121766.67,0.00,121766.67,Senior Facility Monthly Interest Charge
GL-0000869,BAT-202503-MED_UK-07,2025-03-28,2025-03,MED_UK,NetSuite,DEBT-SENIOR-FAC,Syndicated Senior Debt Tranche,GBP,180000.00,0.00,180000.00,Senior Debt Principal Amortization
GL-0000870,BAT-202503-MED_UK-07,2025-03-28,2025-03,MED_UK,NetSuite,CASH-BARCLAYS-GBP,Barclays Commercial Operating Account,GBP,0.00,301766.67,-301766.67,Cash Wire for Scheduled Debt Service
GL-0000871,BAT-202503-LOGI_EU-01,2025-03-28,2025-03,LOGI_EU,Dynamics365,1400_FORDERUNGEN,Forderungen aus Lieferungen und Leistungen,EUR,2881020.91,0.00,2881020.91,Commercial Invoicing & Billing
GL-0000872,BAT-202503-LOGI_EU-01,2025-03-28,2025-03,LOGI_EU,Dynamics365,4400_ERLOESE,Erlöse aus Logistikdienstleistungen,EUR,0.00,2881020.91,-2881020.91,Core Operating Revenue Earned
GL-0000873,BAT-202503-LOGI_EU-02,2025-03-28,2025-03,LOGI_EU,Dynamics365,1200_BANK_EUR,Deutsche Bank Geschäftsguthaben,EUR,2736969.86,0.00,2736969.86,Cash Collections from Customers
GL-0000874,BAT-202503-LOGI_EU-02,2025-03-28,2025-03,LOGI_EU,Dynamics365,1400_FORDERUNGEN,Forderungen aus Lieferungen und Leistungen,EUR,0.00,2736969.86,-2736969.86,AR Settlement from Collections
GL-0000875,BAT-202503-LOGI_EU-03,2025-03-28,2025-03,LOGI_EU,Dynamics365,5400_WARENEINSATZ,Aufwendungen für Frachten & Treibstoff,EUR,1382890.04,0.00,1382890.04,Direct Cost of Goods & Services Delivered
GL-0000876,BAT-202503-LOGI_EU-03,2025-03-28,2025-03,LOGI_EU,Dynamics365,3300_VERBINDLICHKEITEN,Verbindlichkeiten aus Lieferungen,EUR,0.00,1382890.04,-1382890.04,Vendor Invoices Received
GL-0000877,BAT-202503-LOGI_EU-04,2025-03-28,2025-03,LOGI_EU,Dynamics365,3300_VERBINDLICHKEITEN,Verbindlichkeiten aus Lieferungen,EUR,1244601.04,0.00,1244601.04,Vendor AP Disbursed
GL-0000878,BAT-202503-LOGI_EU-04,2025-03-28,2025-03,LOGI_EU,Dynamics365,1200_BANK_EUR,Deutsche Bank Geschäftsguthaben,EUR,0.00,1244601.04,-1244601.04,Operating Cash Disbursed for Direct COGS
GL-0000879,BAT-202503-LOGI_EU-05,2025-03-28,2025-03,LOGI_EU,Dynamics365,6200_PERSONALAUFWAND,Personalaufwand und allgemeine Verwaltung,EUR,669500.00,0.00,669500.00,"SG&A Payroll, Overhead & Admin Expenses"
GL-0000880,BAT-202503-LOGI_EU-05,2025-03-28,2025-03,LOGI_EU,Dynamics365,1200_BANK_EUR,Deutsche Bank Geschäftsguthaben,EUR,0.00,669500.00,-669500.00,Cash Disbursement for SG&A
GL-0000881,BAT-202503-LOGI_EU-06,2025-03-28,2025-03,LOGI_EU,Dynamics365,6500_ABSCHREIBUNGEN,Abschreibungen auf Fuhrpark und Logistik,EUR,90000.00,0.00,90000.00,Monthly Depreciation & Amortization
GL-0000882,BAT-202503-LOGI_EU-06,2025-03-28,2025-03,LOGI_EU,Dynamics365,2000_EIGENKAPITAL,Gezeichnetes Kapital und Rücklagen,EUR,0.00,90000.00,-90000.00,Accumulated Depreciation / Reserve Allocation
GL-0000883,BAT-202503-LOGI_EU-07,2025-03-28,2025-03,LOGI_EU,Dynamics365,7300_ZINSAUFWAND,Zinsaufwendungen für Darlehen,EUR,152250.00,0.00,152250.00,Senior Facility Monthly Interest Charge
GL-0000884,BAT-202503-LOGI_EU-07,2025-03-28,2025-03,LOGI_EU,Dynamics365,0630_ANLEIHEN,Langfristige Bankverbindlichkeiten,EUR,250000.00,0.00,250000.00,Senior Debt Principal Amortization
GL-0000885,BAT-202503-LOGI_EU-07,2025-03-28,2025-03,LOGI_EU,Dynamics365,1200_BANK_EUR,Deutsche Bank Geschäftsguthaben,EUR,0.00,402250.00,-402250.00,Cash Wire for Scheduled Debt Service
GL-0000886,BAT-202503-RETAIL_US-01,2025-03-28,2025-03,RETAIL_US,QuickBooks,120_Accounts_Receivable,Trade Accounts Receivable Control,USD,1340072.50,0.00,1340072.50,Commercial Invoicing & Billing
GL-0000887,BAT-202503-RETAIL_US-01,2025-03-28,2025-03,RETAIL_US,QuickBooks,401_Merch_Sales,Omnichannel Merchandise Sales,USD,0.00,1340072.50,-1340072.50,Core Operating Revenue Earned
GL-0000888,BAT-202503-RETAIL_US-02,2025-03-28,2025-03,RETAIL_US,QuickBooks,101_Operating_Checking,Chase Commercial Operating Account,USD,1273068.87,0.00,1273068.87,Cash Collections from Customers
GL-0000889,BAT-202503-RETAIL_US-02,2025-03-28,2025-03,RETAIL_US,QuickBooks,120_Accounts_Receivable,Trade Accounts Receivable Control,USD,0.00,1273068.87,-1273068.87,AR Settlement from Collections
GL-0000890,BAT-202503-RETAIL_US-03,2025-03-28,2025-03,RETAIL_US,QuickBooks,501_Cost_Goods_Sold,Cost of Goods Sold & Direct Freight,USD,589631.90,0.00,589631.90,Direct Cost of Goods & Services Delivered
GL-0000891,BAT-202503-RETAIL_US-03,2025-03-28,2025-03,RETAIL_US,QuickBooks,201_Accounts_Payable,Vendor Accounts Payable Control,USD,0.00,589631.90,-589631.90,Vendor Invoices Received
GL-0000892,BAT-202503-RETAIL_US-04,2025-03-28,2025-03,RETAIL_US,QuickBooks,201_Accounts_Payable,Vendor Accounts Payable Control,USD,530668.71,0.00,530668.71,Vendor AP Disbursed
GL-0000893,BAT-202503-RETAIL_US-04,2025-03-28,2025-03,RETAIL_US,QuickBooks,101_Operating_Checking,Chase Commercial Operating Account,USD,0.00,530668.71,-530668.71,Operating Cash Disbursed for Direct COGS
GL-0000894,BAT-202503-RETAIL_US-05,2025-03-28,2025-03,RETAIL_US,QuickBooks,601_Payroll_SG&A,"Store Payroll, Marketing, & Rent",USD,346080.00,0.00,346080.00,"SG&A Payroll, Overhead & Admin Expenses"
GL-0000895,BAT-202503-RETAIL_US-05,2025-03-28,2025-03,RETAIL_US,QuickBooks,101_Operating_Checking,Chase Commercial Operating Account,USD,0.00,346080.00,-346080.00,Cash Disbursement for SG&A
GL-0000896,BAT-202503-RETAIL_US-06,2025-03-28,2025-03,RETAIL_US,QuickBooks,680_Depreciation,Depreciation on Store Fixtures,USD,45000.00,0.00,45000.00,Monthly Depreciation & Amortization
GL-0000897,BAT-202503-RETAIL_US-06,2025-03-28,2025-03,RETAIL_US,QuickBooks,301_Owners_Equity,Shareholder Equity & Retained Earnings,USD,0.00,45000.00,-45000.00,Accumulated Depreciation / Reserve Allocation
GL-0000898,BAT-202503-RETAIL_US-07,2025-03-28,2025-03,RETAIL_US,QuickBooks,701_Interest_Expense,Revolver & Term Interest Expense,USD,90666.67,0.00,90666.67,Senior Facility Monthly Interest Charge
GL-0000899,BAT-202503-RETAIL_US-07,2025-03-28,2025-03,RETAIL_US,QuickBooks,270_Note_Payable,Asset-Based Term Loan Principal,USD,100000.00,0.00,100000.00,Senior Debt Principal Amortization
GL-0000900,BAT-202503-RETAIL_US-07,2025-03-28,2025-03,RETAIL_US,QuickBooks,101_Operating_Checking,Chase Commercial Operating Account,USD,0.00,190666.67,-190666.67,Cash Wire for Scheduled Debt Service
GL-0000901,BAT-202504-DURA_US-01,2025-04-28,2025-04,DURA_US,SAP,GL_AR_110010,Trade Accounts Receivable Commercial,USD,4037533.27,0.00,4037533.27,Commercial Invoicing & Billing
GL-0000902,BAT-202504-DURA_US-01,2025-04-28,2025-04,DURA_US,SAP,GL_REV_400010,Gross Revenue Industrial Sales,USD,0.00,4037533.27,-4037533.27,Core Operating Revenue Earned
GL-0000903,BAT-202504-DURA_US-02,2025-04-28,2025-04,DURA_US,SAP,GL_CASH_100010,JPMorgan Treasury Operating Checking,USD,3835656.61,0.00,3835656.61,Cash Collections from Customers
GL-0000904,BAT-202504-DURA_US-02,2025-04-28,2025-04,DURA_US,SAP,GL_AR_110010,Trade Accounts Receivable Commercial,USD,0.00,3835656.61,-3835656.61,AR Settlement from Collections
GL-0000905,BAT-202504-DURA_US-03,2025-04-28,2025-04,DURA_US,SAP,GL_COGS_500010,Direct Manufacturing Material & Labor,USD,1857265.30,0.00,1857265.30,Direct Cost of Goods & Services Delivered
GL-0000906,BAT-202504-DURA_US-03,2025-04-28,2025-04,DURA_US,SAP,GL_AP_200010,Trade Accounts Payable Vendors,USD,0.00,1857265.30,-1857265.30,Vendor Invoices Received
GL-0000907,BAT-202504-DURA_US-04,2025-04-28,2025-04,DURA_US,SAP,GL_AP_200010,Trade Accounts Payable Vendors,USD,1671538.77,0.00,1671538.77,Vendor AP Disbursed
GL-0000908,BAT-202504-DURA_US-04,2025-04-28,2025-04,DURA_US,SAP,GL_CASH_100010,JPMorgan Treasury Operating Checking,USD,0.00,1671538.77,-1671538.77,Operating Cash Disbursed for Direct COGS
GL-0000909,BAT-202504-DURA_US-05,2025-04-28,2025-04,DURA_US,SAP,GL_OPEX_600010,SG&A Operating Overhead & Payroll,USD,830760.00,0.00,830760.00,"SG&A Payroll, Overhead & Admin Expenses"
GL-0000910,BAT-202504-DURA_US-05,2025-04-28,2025-04,DURA_US,SAP,GL_CASH_100010,JPMorgan Treasury Operating Checking,USD,0.00,830760.00,-830760.00,Cash Disbursement for SG&A
GL-0000911,BAT-202504-DURA_US-06,2025-04-28,2025-04,DURA_US,SAP,GL_DA_700010,Plant & Machinery Depreciation,USD,120000.00,0.00,120000.00,Monthly Depreciation & Amortization
GL-0000912,BAT-202504-DURA_US-06,2025-04-28,2025-04,DURA_US,SAP,GL_EQ_300010,Retained Earnings & Contributed Surplus,USD,0.00,120000.00,-120000.00,Accumulated Depreciation / Reserve Allocation
GL-0000913,BAT-202504-DURA_US-07,2025-04-28,2025-04,DURA_US,SAP,GL_INT_800010,Senior Facility Interest Expense,USD,275000.00,0.00,275000.00,Senior Facility Monthly Interest Charge
GL-0000914,BAT-202504-DURA_US-07,2025-04-28,2025-04,DURA_US,SAP,GL_DEBT_250010,Senior Secured Term Loan Principal,USD,400000.00,0.00,400000.00,Senior Debt Principal Amortization
GL-0000915,BAT-202504-DURA_US-07,2025-04-28,2025-04,DURA_US,SAP,GL_CASH_100010,JPMorgan Treasury Operating Checking,USD,0.00,675000.00,-675000.00,Cash Wire for Scheduled Debt Service
GL-0000916,BAT-202504-MED_UK-01,2025-04-28,2025-04,MED_UK,NetSuite,AR-CUSTOMERS,B2B Subscription Receivables Control,GBP,2051279.98,0.00,2051279.98,Commercial Invoicing & Billing
GL-0000917,BAT-202504-MED_UK-01,2025-04-28,2025-04,MED_UK,NetSuite,REV-SUB-ARR,SaaS Subscription ARR Recurring Revenue,GBP,0.00,2051279.98,-2051279.98,Core Operating Revenue Earned
GL-0000918,BAT-202504-MED_UK-02,2025-04-28,2025-04,MED_UK,NetSuite,CASH-BARCLAYS-GBP,Barclays Commercial Operating Account,GBP,1948715.98,0.00,1948715.98,Cash Collections from Customers
GL-0000919,BAT-202504-MED_UK-02,2025-04-28,2025-04,MED_UK,NetSuite,AR-CUSTOMERS,B2B Subscription Receivables Control,GBP,0.00,1948715.98,-1948715.98,AR Settlement from Collections
GL-0000920,BAT-202504-MED_UK-03,2025-04-28,2025-04,MED_UK,NetSuite,COGS-HOST-AWS,AWS Hosting & Direct Infrastructure,GBP,656409.59,0.00,656409.59,Direct Cost of Goods & Services Delivered
GL-0000921,BAT-202504-MED_UK-03,2025-04-28,2025-04,MED_UK,NetSuite,AP-VENDORS,Trade Accounts Payable Vendor Ledger,GBP,0.00,656409.59,-656409.59,Vendor Invoices Received
GL-0000922,BAT-202504-MED_UK-04,2025-04-28,2025-04,MED_UK,NetSuite,AP-VENDORS,Trade Accounts Payable Vendor Ledger,GBP,590768.63,0.00,590768.63,Vendor AP Disbursed
GL-0000923,BAT-202504-MED_UK-04,2025-04-28,2025-04,MED_UK,NetSuite,CASH-BARCLAYS-GBP,Barclays Commercial Operating Account,GBP,0.00,590768.63,-590768.63,Operating Cash Disbursed for Direct COGS
GL-0000924,BAT-202504-MED_UK-05,2025-04-28,2025-04,MED_UK,NetSuite,OPEX-SALES-MKTG,"Sales, Marketing, R&D and Admin",GBP,650160.00,0.00,650160.00,"SG&A Payroll, Overhead & Admin Expenses"
GL-0000925,BAT-202504-MED_UK-05,2025-04-28,2025-04,MED_UK,NetSuite,CASH-BARCLAYS-GBP,Barclays Commercial Operating Account,GBP,0.00,650160.00,-650160.00,Cash Disbursement for SG&A
GL-0000926,BAT-202504-MED_UK-06,2025-04-28,2025-04,MED_UK,NetSuite,DA-SERVER-AMORT,Capitalized Software Amortization,GBP,75000.00,0.00,75000.00,Monthly Depreciation & Amortization
GL-0000927,BAT-202504-MED_UK-06,2025-04-28,2025-04,MED_UK,NetSuite,EQ-COMMON-CAP,Common Equity & Retained Earnings,GBP,0.00,75000.00,-75000.00,Accumulated Depreciation / Reserve Allocation
GL-0000928,BAT-202504-MED_UK-07,2025-04-28,2025-04,MED_UK,NetSuite,FIN-TERM-INT,Growth Debt Monthly Interest Charge,GBP,120791.67,0.00,120791.67,Senior Facility Monthly Interest Charge
GL-0000929,BAT-202504-MED_UK-07,2025-04-28,2025-04,MED_UK,NetSuite,DEBT-SENIOR-FAC,Syndicated Senior Debt Tranche,GBP,180000.00,0.00,180000.00,Senior Debt Principal Amortization
GL-0000930,BAT-202504-MED_UK-07,2025-04-28,2025-04,MED_UK,NetSuite,CASH-BARCLAYS-GBP,Barclays Commercial Operating Account,GBP,0.00,300791.67,-300791.67,Cash Wire for Scheduled Debt Service
GL-0000931,BAT-202504-LOGI_EU-01,2025-04-28,2025-04,LOGI_EU,Dynamics365,1400_FORDERUNGEN,Forderungen aus Lieferungen und Leistungen,EUR,2954322.77,0.00,2954322.77,Commercial Invoicing & Billing
GL-0000932,BAT-202504-LOGI_EU-01,2025-04-28,2025-04,LOGI_EU,Dynamics365,4400_ERLOESE,Erlöse aus Logistikdienstleistungen,EUR,0.00,2954322.77,-2954322.77,Core Operating Revenue Earned
GL-0000933,BAT-202504-LOGI_EU-02,2025-04-28,2025-04,LOGI_EU,Dynamics365,1200_BANK_EUR,Deutsche Bank Geschäftsguthaben,EUR,2806606.63,0.00,2806606.63,Cash Collections from Customers
GL-0000934,BAT-202504-LOGI_EU-02,2025-04-28,2025-04,LOGI_EU,Dynamics365,1400_FORDERUNGEN,Forderungen aus Lieferungen und Leistungen,EUR,0.00,2806606.63,-2806606.63,AR Settlement from Collections
GL-0000935,BAT-202504-LOGI_EU-03,2025-04-28,2025-04,LOGI_EU,Dynamics365,5400_WARENEINSATZ,Aufwendungen für Frachten & Treibstoff,EUR,1418074.93,0.00,1418074.93,Direct Cost of Goods & Services Delivered
GL-0000936,BAT-202504-LOGI_EU-03,2025-04-28,2025-04,LOGI_EU,Dynamics365,3300_VERBINDLICHKEITEN,Verbindlichkeiten aus Lieferungen,EUR,0.00,1418074.93,-1418074.93,Vendor Invoices Received
GL-0000937,BAT-202504-LOGI_EU-04,2025-04-28,2025-04,LOGI_EU,Dynamics365,3300_VERBINDLICHKEITEN,Verbindlichkeiten aus Lieferungen,EUR,1276267.44,0.00,1276267.44,Vendor AP Disbursed
GL-0000938,BAT-202504-LOGI_EU-04,2025-04-28,2025-04,LOGI_EU,Dynamics365,1200_BANK_EUR,Deutsche Bank Geschäftsguthaben,EUR,0.00,1276267.44,-1276267.44,Operating Cash Disbursed for Direct COGS
GL-0000939,BAT-202504-LOGI_EU-05,2025-04-28,2025-04,LOGI_EU,Dynamics365,6200_PERSONALAUFWAND,Personalaufwand und allgemeine Verwaltung,EUR,670800.00,0.00,670800.00,"SG&A Payroll, Overhead & Admin Expenses"
GL-0000940,BAT-202504-LOGI_EU-05,2025-04-28,2025-04,LOGI_EU,Dynamics365,1200_BANK_EUR,Deutsche Bank Geschäftsguthaben,EUR,0.00,670800.00,-670800.00,Cash Disbursement for SG&A
GL-0000941,BAT-202504-LOGI_EU-06,2025-04-28,2025-04,LOGI_EU,Dynamics365,6500_ABSCHREIBUNGEN,Abschreibungen auf Fuhrpark und Logistik,EUR,90000.00,0.00,90000.00,Monthly Depreciation & Amortization
GL-0000942,BAT-202504-LOGI_EU-06,2025-04-28,2025-04,LOGI_EU,Dynamics365,2000_EIGENKAPITAL,Gezeichnetes Kapital und Rücklagen,EUR,0.00,90000.00,-90000.00,Accumulated Depreciation / Reserve Allocation
GL-0000943,BAT-202504-LOGI_EU-07,2025-04-28,2025-04,LOGI_EU,Dynamics365,7300_ZINSAUFWAND,Zinsaufwendungen für Darlehen,EUR,151041.67,0.00,151041.67,Senior Facility Monthly Interest Charge
GL-0000944,BAT-202504-LOGI_EU-07,2025-04-28,2025-04,LOGI_EU,Dynamics365,0630_ANLEIHEN,Langfristige Bankverbindlichkeiten,EUR,250000.00,0.00,250000.00,Senior Debt Principal Amortization
GL-0000945,BAT-202504-LOGI_EU-07,2025-04-28,2025-04,LOGI_EU,Dynamics365,1200_BANK_EUR,Deutsche Bank Geschäftsguthaben,EUR,0.00,401041.67,-401041.67,Cash Wire for Scheduled Debt Service
GL-0000946,BAT-202504-RETAIL_US-01,2025-04-28,2025-04,RETAIL_US,QuickBooks,120_Accounts_Receivable,Trade Accounts Receivable Control,USD,1369661.48,0.00,1369661.48,Commercial Invoicing & Billing
GL-0000947,BAT-202504-RETAIL_US-01,2025-04-28,2025-04,RETAIL_US,QuickBooks,401_Merch_Sales,Omnichannel Merchandise Sales,USD,0.00,1369661.48,-1369661.48,Core Operating Revenue Earned
GL-0000948,BAT-202504-RETAIL_US-02,2025-04-28,2025-04,RETAIL_US,QuickBooks,101_Operating_Checking,Chase Commercial Operating Account,USD,1301178.41,0.00,1301178.41,Cash Collections from Customers
GL-0000949,BAT-202504-RETAIL_US-02,2025-04-28,2025-04,RETAIL_US,QuickBooks,120_Accounts_Receivable,Trade Accounts Receivable Control,USD,0.00,1301178.41,-1301178.41,AR Settlement from Collections
GL-0000950,BAT-202504-RETAIL_US-03,2025-04-28,2025-04,RETAIL_US,QuickBooks,501_Cost_Goods_Sold,Cost of Goods Sold & Direct Freight,USD,602651.05,0.00,602651.05,Direct Cost of Goods & Services Delivered
GL-0000951,BAT-202504-RETAIL_US-03,2025-04-28,2025-04,RETAIL_US,QuickBooks,201_Accounts_Payable,Vendor Accounts Payable Control,USD,0.00,602651.05,-602651.05,Vendor Invoices Received
GL-0000952,BAT-202504-RETAIL_US-04,2025-04-28,2025-04,RETAIL_US,QuickBooks,201_Accounts_Payable,Vendor Accounts Payable Control,USD,542385.94,0.00,542385.94,Vendor AP Disbursed
GL-0000953,BAT-202504-RETAIL_US-04,2025-04-28,2025-04,RETAIL_US,QuickBooks,101_Operating_Checking,Chase Commercial Operating Account,USD,0.00,542385.94,-542385.94,Operating Cash Disbursed for Direct COGS
GL-0000954,BAT-202504-RETAIL_US-05,2025-04-28,2025-04,RETAIL_US,QuickBooks,601_Payroll_SG&A,"Store Payroll, Marketing, & Rent",USD,346752.00,0.00,346752.00,"SG&A Payroll, Overhead & Admin Expenses"
GL-0000955,BAT-202504-RETAIL_US-05,2025-04-28,2025-04,RETAIL_US,QuickBooks,101_Operating_Checking,Chase Commercial Operating Account,USD,0.00,346752.00,-346752.00,Cash Disbursement for SG&A
GL-0000956,BAT-202504-RETAIL_US-06,2025-04-28,2025-04,RETAIL_US,QuickBooks,680_Depreciation,Depreciation on Store Fixtures,USD,45000.00,0.00,45000.00,Monthly Depreciation & Amortization
GL-0000957,BAT-202504-RETAIL_US-06,2025-04-28,2025-04,RETAIL_US,QuickBooks,301_Owners_Equity,Shareholder Equity & Retained Earnings,USD,0.00,45000.00,-45000.00,Accumulated Depreciation / Reserve Allocation
GL-0000958,BAT-202504-RETAIL_US-07,2025-04-28,2025-04,RETAIL_US,QuickBooks,701_Interest_Expense,Revolver & Term Interest Expense,USD,90000.00,0.00,90000.00,Senior Facility Monthly Interest Charge
GL-0000959,BAT-202504-RETAIL_US-07,2025-04-28,2025-04,RETAIL_US,QuickBooks,270_Note_Payable,Asset-Based Term Loan Principal,USD,100000.00,0.00,100000.00,Senior Debt Principal Amortization
GL-0000960,BAT-202504-RETAIL_US-07,2025-04-28,2025-04,RETAIL_US,QuickBooks,101_Operating_Checking,Chase Commercial Operating Account,USD,0.00,190000.00,-190000.00,Cash Wire for Scheduled Debt Service
GL-0000961,BAT-202505-DURA_US-01,2025-05-28,2025-05,DURA_US,SAP,GL_AR_110010,Trade Accounts Receivable Commercial,USD,4009935.84,0.00,4009935.84,Commercial Invoicing & Billing
GL-0000962,BAT-202505-DURA_US-01,2025-05-28,2025-05,DURA_US,SAP,GL_REV_400010,Gross Revenue Industrial Sales,USD,0.00,4009935.84,-4009935.84,Core Operating Revenue Earned
GL-0000963,BAT-202505-DURA_US-02,2025-05-28,2025-05,DURA_US,SAP,GL_CASH_100010,JPMorgan Treasury Operating Checking,USD,3809439.05,0.00,3809439.05,Cash Collections from Customers
GL-0000964,BAT-202505-DURA_US-02,2025-05-28,2025-05,DURA_US,SAP,GL_AR_110010,Trade Accounts Receivable Commercial,USD,0.00,3809439.05,-3809439.05,AR Settlement from Collections
GL-0000965,BAT-202505-DURA_US-03,2025-05-28,2025-05,DURA_US,SAP,GL_COGS_500010,Direct Manufacturing Material & Labor,USD,1844570.49,0.00,1844570.49,Direct Cost of Goods & Services Delivered
GL-0000966,BAT-202505-DURA_US-03,2025-05-28,2025-05,DURA_US,SAP,GL_AP_200010,Trade Accounts Payable Vendors,USD,0.00,1844570.49,-1844570.49,Vendor Invoices Received
GL-0000967,BAT-202505-DURA_US-04,2025-05-28,2025-05,DURA_US,SAP,GL_AP_200010,Trade Accounts Payable Vendors,USD,1660113.44,0.00,1660113.44,Vendor AP Disbursed
GL-0000968,BAT-202505-DURA_US-04,2025-05-28,2025-05,DURA_US,SAP,GL_CASH_100010,JPMorgan Treasury Operating Checking,USD,0.00,1660113.44,-1660113.44,Operating Cash Disbursed for Direct COGS
GL-0000969,BAT-202505-DURA_US-05,2025-05-28,2025-05,DURA_US,SAP,GL_OPEX_600010,SG&A Operating Overhead & Payroll,USD,832370.00,0.00,832370.00,"SG&A Payroll, Overhead & Admin Expenses"
GL-0000970,BAT-202505-DURA_US-05,2025-05-28,2025-05,DURA_US,SAP,GL_CASH_100010,JPMorgan Treasury Operating Checking,USD,0.00,832370.00,-832370.00,Cash Disbursement for SG&A
GL-0000971,BAT-202505-DURA_US-06,2025-05-28,2025-05,DURA_US,SAP,GL_DA_700010,Plant & Machinery Depreciation,USD,120000.00,0.00,120000.00,Monthly Depreciation & Amortization
GL-0000972,BAT-202505-DURA_US-06,2025-05-28,2025-05,DURA_US,SAP,GL_EQ_300010,Retained Earnings & Contributed Surplus,USD,0.00,120000.00,-120000.00,Accumulated Depreciation / Reserve Allocation
GL-0000973,BAT-202505-DURA_US-07,2025-05-28,2025-05,DURA_US,SAP,GL_INT_800010,Senior Facility Interest Expense,USD,272500.00,0.00,272500.00,Senior Facility Monthly Interest Charge
GL-0000974,BAT-202505-DURA_US-07,2025-05-28,2025-05,DURA_US,SAP,GL_DEBT_250010,Senior Secured Term Loan Principal,USD,400000.00,0.00,400000.00,Senior Debt Principal Amortization
GL-0000975,BAT-202505-DURA_US-07,2025-05-28,2025-05,DURA_US,SAP,GL_CASH_100010,JPMorgan Treasury Operating Checking,USD,0.00,672500.00,-672500.00,Cash Wire for Scheduled Debt Service
GL-0000976,BAT-202505-MED_UK-01,2025-05-28,2025-05,MED_UK,NetSuite,AR-CUSTOMERS,B2B Subscription Receivables Control,GBP,2057439.37,0.00,2057439.37,Commercial Invoicing & Billing
GL-0000977,BAT-202505-MED_UK-01,2025-05-28,2025-05,MED_UK,NetSuite,REV-SUB-ARR,SaaS Subscription ARR Recurring Revenue,GBP,0.00,2057439.37,-2057439.37,Core Operating Revenue Earned
GL-0000978,BAT-202505-MED_UK-02,2025-05-28,2025-05,MED_UK,NetSuite,CASH-BARCLAYS-GBP,Barclays Commercial Operating Account,GBP,1954567.40,0.00,1954567.40,Cash Collections from Customers
GL-0000979,BAT-202505-MED_UK-02,2025-05-28,2025-05,MED_UK,NetSuite,AR-CUSTOMERS,B2B Subscription Receivables Control,GBP,0.00,1954567.40,-1954567.40,AR Settlement from Collections
GL-0000980,BAT-202505-MED_UK-03,2025-05-28,2025-05,MED_UK,NetSuite,COGS-HOST-AWS,AWS Hosting & Direct Infrastructure,GBP,658380.60,0.00,658380.60,Direct Cost of Goods & Services Delivered
GL-0000981,BAT-202505-MED_UK-03,2025-05-28,2025-05,MED_UK,NetSuite,AP-VENDORS,Trade Accounts Payable Vendor Ledger,GBP,0.00,658380.60,-658380.60,Vendor Invoices Received
GL-0000982,BAT-202505-MED_UK-04,2025-05-28,2025-05,MED_UK,NetSuite,AP-VENDORS,Trade Accounts Payable Vendor Ledger,GBP,592542.54,0.00,592542.54,Vendor AP Disbursed
GL-0000983,BAT-202505-MED_UK-04,2025-05-28,2025-05,MED_UK,NetSuite,CASH-BARCLAYS-GBP,Barclays Commercial Operating Account,GBP,0.00,592542.54,-592542.54,Operating Cash Disbursed for Direct COGS
GL-0000984,BAT-202505-MED_UK-05,2025-05-28,2025-05,MED_UK,NetSuite,OPEX-SALES-MKTG,"Sales, Marketing, R&D and Admin",GBP,651420.00,0.00,651420.00,"SG&A Payroll, Overhead & Admin Expenses"
GL-0000985,BAT-202505-MED_UK-05,2025-05-28,2025-05,MED_UK,NetSuite,CASH-BARCLAYS-GBP,Barclays Commercial Operating Account,GBP,0.00,651420.00,-651420.00,Cash Disbursement for SG&A
GL-0000986,BAT-202505-MED_UK-06,2025-05-28,2025-05,MED_UK,NetSuite,DA-SERVER-AMORT,Capitalized Software Amortization,GBP,75000.00,0.00,75000.00,Monthly Depreciation & Amortization
GL-0000987,BAT-202505-MED_UK-06,2025-05-28,2025-05,MED_UK,NetSuite,EQ-COMMON-CAP,Common Equity & Retained Earnings,GBP,0.00,75000.00,-75000.00,Accumulated Depreciation / Reserve Allocation
GL-0000988,BAT-202505-MED_UK-07,2025-05-28,2025-05,MED_UK,NetSuite,FIN-TERM-INT,Growth Debt Monthly Interest Charge,GBP,119816.67,0.00,119816.67,Senior Facility Monthly Interest Charge
GL-0000989,BAT-202505-MED_UK-07,2025-05-28,2025-05,MED_UK,NetSuite,DEBT-SENIOR-FAC,Syndicated Senior Debt Tranche,GBP,180000.00,0.00,180000.00,Senior Debt Principal Amortization
GL-0000990,BAT-202505-MED_UK-07,2025-05-28,2025-05,MED_UK,NetSuite,CASH-BARCLAYS-GBP,Barclays Commercial Operating Account,GBP,0.00,299816.67,-299816.67,Cash Wire for Scheduled Debt Service
GL-0000991,BAT-202505-LOGI_EU-01,2025-05-28,2025-05,LOGI_EU,Dynamics365,1400_FORDERUNGEN,Forderungen aus Lieferungen und Leistungen,EUR,2914973.88,0.00,2914973.88,Commercial Invoicing & Billing
GL-0000992,BAT-202505-LOGI_EU-01,2025-05-28,2025-05,LOGI_EU,Dynamics365,4400_ERLOESE,Erlöse aus Logistikdienstleistungen,EUR,0.00,2914973.88,-2914973.88,Core Operating Revenue Earned
GL-0000993,BAT-202505-LOGI_EU-02,2025-05-28,2025-05,LOGI_EU,Dynamics365,1200_BANK_EUR,Deutsche Bank Geschäftsguthaben,EUR,2769225.19,0.00,2769225.19,Cash Collections from Customers
GL-0000994,BAT-202505-LOGI_EU-02,2025-05-28,2025-05,LOGI_EU,Dynamics365,1400_FORDERUNGEN,Forderungen aus Lieferungen und Leistungen,EUR,0.00,2769225.19,-2769225.19,AR Settlement from Collections
GL-0000995,BAT-202505-LOGI_EU-03,2025-05-28,2025-05,LOGI_EU,Dynamics365,5400_WARENEINSATZ,Aufwendungen für Frachten & Treibstoff,EUR,1399187.46,0.00,1399187.46,Direct Cost of Goods & Services Delivered
GL-0000996,BAT-202505-LOGI_EU-03,2025-05-28,2025-05,LOGI_EU,Dynamics365,3300_VERBINDLICHKEITEN,Verbindlichkeiten aus Lieferungen,EUR,0.00,1399187.46,-1399187.46,Vendor Invoices Received
GL-0000997,BAT-202505-LOGI_EU-04,2025-05-28,2025-05,LOGI_EU,Dynamics365,3300_VERBINDLICHKEITEN,Verbindlichkeiten aus Lieferungen,EUR,1259268.71,0.00,1259268.71,Vendor AP Disbursed
GL-0000998,BAT-202505-LOGI_EU-04,2025-05-28,2025-05,LOGI_EU,Dynamics365,1200_BANK_EUR,Deutsche Bank Geschäftsguthaben,EUR,0.00,1259268.71,-1259268.71,Operating Cash Disbursed for Direct COGS
GL-0000999,BAT-202505-LOGI_EU-05,2025-05-28,2025-05,LOGI_EU,Dynamics365,6200_PERSONALAUFWAND,Personalaufwand und allgemeine Verwaltung,EUR,672100.00,0.00,672100.00,"SG&A Payroll, Overhead & Admin Expenses"
GL-0001000,BAT-202505-LOGI_EU-05,2025-05-28,2025-05,LOGI_EU,Dynamics365,1200_BANK_EUR,Deutsche Bank Geschäftsguthaben,EUR,0.00,672100.00,-672100.00,Cash Disbursement for SG&A
GL-0001001,BAT-202505-LOGI_EU-06,2025-05-28,2025-05,LOGI_EU,Dynamics365,6500_ABSCHREIBUNGEN,Abschreibungen auf Fuhrpark und Logistik,EUR,90000.00,0.00,90000.00,Monthly Depreciation & Amortization
GL-0001002,BAT-202505-LOGI_EU-06,2025-05-28,2025-05,LOGI_EU,Dynamics365,2000_EIGENKAPITAL,Gezeichnetes Kapital und Rücklagen,EUR,0.00,90000.00,-90000.00,Accumulated Depreciation / Reserve Allocation
GL-0001003,BAT-202505-LOGI_EU-07,2025-05-28,2025-05,LOGI_EU,Dynamics365,7300_ZINSAUFWAND,Zinsaufwendungen für Darlehen,EUR,149833.33,0.00,149833.33,Senior Facility Monthly Interest Charge
GL-0001004,BAT-202505-LOGI_EU-07,2025-05-28,2025-05,LOGI_EU,Dynamics365,0630_ANLEIHEN,Langfristige Bankverbindlichkeiten,EUR,250000.00,0.00,250000.00,Senior Debt Principal Amortization
GL-0001005,BAT-202505-LOGI_EU-07,2025-05-28,2025-05,LOGI_EU,Dynamics365,1200_BANK_EUR,Deutsche Bank Geschäftsguthaben,EUR,0.00,399833.33,-399833.33,Cash Wire for Scheduled Debt Service
GL-0001006,BAT-202505-RETAIL_US-01,2025-05-28,2025-05,RETAIL_US,QuickBooks,120_Accounts_Receivable,Trade Accounts Receivable Control,USD,1335919.07,0.00,1335919.07,Commercial Invoicing & Billing
GL-0001007,BAT-202505-RETAIL_US-01,2025-05-28,2025-05,RETAIL_US,QuickBooks,401_Merch_Sales,Omnichannel Merchandise Sales,USD,0.00,1335919.07,-1335919.07,Core Operating Revenue Earned
GL-0001008,BAT-202505-RETAIL_US-02,2025-05-28,2025-05,RETAIL_US,QuickBooks,101_Operating_Checking,Chase Commercial Operating Account,USD,1269123.12,0.00,1269123.12,Cash Collections from Customers
GL-0001009,BAT-202505-RETAIL_US-02,2025-05-28,2025-05,RETAIL_US,QuickBooks,120_Accounts_Receivable,Trade Accounts Receivable Control,USD,0.00,1269123.12,-1269123.12,AR Settlement from Collections
GL-0001010,BAT-202505-RETAIL_US-03,2025-05-28,2025-05,RETAIL_US,QuickBooks,501_Cost_Goods_Sold,Cost of Goods Sold & Direct Freight,USD,587804.39,0.00,587804.39,Direct Cost of Goods & Services Delivered
GL-0001011,BAT-202505-RETAIL_US-03,2025-05-28,2025-05,RETAIL_US,QuickBooks,201_Accounts_Payable,Vendor Accounts Payable Control,USD,0.00,587804.39,-587804.39,Vendor Invoices Received
GL-0001012,BAT-202505-RETAIL_US-04,2025-05-28,2025-05,RETAIL_US,QuickBooks,201_Accounts_Payable,Vendor Accounts Payable Control,USD,529023.95,0.00,529023.95,Vendor AP Disbursed
GL-0001013,BAT-202505-RETAIL_US-04,2025-05-28,2025-05,RETAIL_US,QuickBooks,101_Operating_Checking,Chase Commercial Operating Account,USD,0.00,529023.95,-529023.95,Operating Cash Disbursed for Direct COGS
GL-0001014,BAT-202505-RETAIL_US-05,2025-05-28,2025-05,RETAIL_US,QuickBooks,601_Payroll_SG&A,"Store Payroll, Marketing, & Rent",USD,347424.00,0.00,347424.00,"SG&A Payroll, Overhead & Admin Expenses"
GL-0001015,BAT-202505-RETAIL_US-05,2025-05-28,2025-05,RETAIL_US,QuickBooks,101_Operating_Checking,Chase Commercial Operating Account,USD,0.00,347424.00,-347424.00,Cash Disbursement for SG&A
GL-0001016,BAT-202505-RETAIL_US-06,2025-05-28,2025-05,RETAIL_US,QuickBooks,680_Depreciation,Depreciation on Store Fixtures,USD,45000.00,0.00,45000.00,Monthly Depreciation & Amortization
GL-0001017,BAT-202505-RETAIL_US-06,2025-05-28,2025-05,RETAIL_US,QuickBooks,301_Owners_Equity,Shareholder Equity & Retained Earnings,USD,0.00,45000.00,-45000.00,Accumulated Depreciation / Reserve Allocation
GL-0001018,BAT-202505-RETAIL_US-07,2025-05-28,2025-05,RETAIL_US,QuickBooks,701_Interest_Expense,Revolver & Term Interest Expense,USD,89333.33,0.00,89333.33,Senior Facility Monthly Interest Charge
GL-0001019,BAT-202505-RETAIL_US-07,2025-05-28,2025-05,RETAIL_US,QuickBooks,270_Note_Payable,Asset-Based Term Loan Principal,USD,100000.00,0.00,100000.00,Senior Debt Principal Amortization
GL-0001020,BAT-202505-RETAIL_US-07,2025-05-28,2025-05,RETAIL_US,QuickBooks,101_Operating_Checking,Chase Commercial Operating Account,USD,0.00,189333.33,-189333.33,Cash Wire for Scheduled Debt Service
GL-0001021,BAT-202506-DURA_US-01,2025-06-28,2025-06,DURA_US,SAP,GL_AR_110010,Trade Accounts Receivable Commercial,USD,1997483.72,0.00,1997483.72,Commercial Invoicing & Billing
GL-0001022,BAT-202506-DURA_US-01,2025-06-28,2025-06,DURA_US,SAP,GL_REV_400010,Gross Revenue Industrial Sales,USD,0.00,1997483.72,-1997483.72,Core Operating Revenue Earned
GL-0001023,BAT-202506-DURA_US-02,2025-06-28,2025-06,DURA_US,SAP,GL_CASH_100010,JPMorgan Treasury Operating Checking,USD,1897609.53,0.00,1897609.53,Cash Collections from Customers
GL-0001024,BAT-202506-DURA_US-02,2025-06-28,2025-06,DURA_US,SAP,GL_AR_110010,Trade Accounts Receivable Commercial,USD,0.00,1897609.53,-1897609.53,AR Settlement from Collections
GL-0001025,BAT-202506-DURA_US-03,2025-06-28,2025-06,DURA_US,SAP,GL_COGS_500010,Direct Manufacturing Material & Labor,USD,1056668.89,0.00,1056668.89,Direct Cost of Goods & Services Delivered
GL-0001026,BAT-202506-DURA_US-03,2025-06-28,2025-06,DURA_US,SAP,GL_AP_200010,Trade Accounts Payable Vendors,USD,0.00,1056668.89,-1056668.89,Vendor Invoices Received
GL-0001027,BAT-202506-DURA_US-04,2025-06-28,2025-06,DURA_US,SAP,GL_AP_200010,Trade Accounts Payable Vendors,USD,951002.00,0.00,951002.00,Vendor AP Disbursed
GL-0001028,BAT-202506-DURA_US-04,2025-06-28,2025-06,DURA_US,SAP,GL_CASH_100010,JPMorgan Treasury Operating Checking,USD,0.00,951002.00,-951002.00,Operating Cash Disbursed for Direct COGS
GL-0001029,BAT-202506-DURA_US-05,2025-06-28,2025-06,DURA_US,SAP,GL_OPEX_600010,SG&A Operating Overhead & Payroll,USD,788900.00,0.00,788900.00,"SG&A Payroll, Overhead & Admin Expenses"
GL-0001030,BAT-202506-DURA_US-05,2025-06-28,2025-06,DURA_US,SAP,GL_CASH_100010,JPMorgan Treasury Operating Checking,USD,0.00,788900.00,-788900.00,Cash Disbursement for SG&A
GL-0001031,BAT-202506-DURA_US-06,2025-06-28,2025-06,DURA_US,SAP,GL_DA_700010,Plant & Machinery Depreciation,USD,120000.00,0.00,120000.00,Monthly Depreciation & Amortization
GL-0001032,BAT-202506-DURA_US-06,2025-06-28,2025-06,DURA_US,SAP,GL_EQ_300010,Retained Earnings & Contributed Surplus,USD,0.00,120000.00,-120000.00,Accumulated Depreciation / Reserve Allocation
GL-0001033,BAT-202506-DURA_US-07,2025-06-28,2025-06,DURA_US,SAP,GL_INT_800010,Senior Facility Interest Expense,USD,270000.00,0.00,270000.00,Senior Facility Monthly Interest Charge
GL-0001034,BAT-202506-DURA_US-07,2025-06-28,2025-06,DURA_US,SAP,GL_DEBT_250010,Senior Secured Term Loan Principal,USD,400000.00,0.00,400000.00,Senior Debt Principal Amortization
GL-0001035,BAT-202506-DURA_US-07,2025-06-28,2025-06,DURA_US,SAP,GL_CASH_100010,JPMorgan Treasury Operating Checking,USD,0.00,670000.00,-670000.00,Cash Wire for Scheduled Debt Service
GL-0001036,BAT-202506-MED_UK-01,2025-06-28,2025-06,MED_UK,NetSuite,AR-CUSTOMERS,B2B Subscription Receivables Control,GBP,1990240.76,0.00,1990240.76,Commercial Invoicing & Billing
GL-0001037,BAT-202506-MED_UK-01,2025-06-28,2025-06,MED_UK,NetSuite,REV-SUB-ARR,SaaS Subscription ARR Recurring Revenue,GBP,0.00,1990240.76,-1990240.76,Core Operating Revenue Earned
GL-0001038,BAT-202506-MED_UK-02,2025-06-28,2025-06,MED_UK,NetSuite,CASH-BARCLAYS-GBP,Barclays Commercial Operating Account,GBP,1890728.72,0.00,1890728.72,Cash Collections from Customers
GL-0001039,BAT-202506-MED_UK-02,2025-06-28,2025-06,MED_UK,NetSuite,AR-CUSTOMERS,B2B Subscription Receivables Control,GBP,0.00,1890728.72,-1890728.72,AR Settlement from Collections
GL-0001040,BAT-202506-MED_UK-03,2025-06-28,2025-06,MED_UK,NetSuite,COGS-HOST-AWS,AWS Hosting & Direct Infrastructure,GBP,636877.04,0.00,636877.04,Direct Cost of Goods & Services Delivered
GL-0001041,BAT-202506-MED_UK-03,2025-06-28,2025-06,MED_UK,NetSuite,AP-VENDORS,Trade Accounts Payable Vendor Ledger,GBP,0.00,636877.04,-636877.04,Vendor Invoices Received
GL-0001042,BAT-202506-MED_UK-04,2025-06-28,2025-06,MED_UK,NetSuite,AP-VENDORS,Trade Accounts Payable Vendor Ledger,GBP,573189.34,0.00,573189.34,Vendor AP Disbursed
GL-0001043,BAT-202506-MED_UK-04,2025-06-28,2025-06,MED_UK,NetSuite,CASH-BARCLAYS-GBP,Barclays Commercial Operating Account,GBP,0.00,573189.34,-573189.34,Operating Cash Disbursed for Direct COGS
GL-0001044,BAT-202506-MED_UK-05,2025-06-28,2025-06,MED_UK,NetSuite,OPEX-SALES-MKTG,"Sales, Marketing, R&D and Admin",GBP,652680.00,0.00,652680.00,"SG&A Payroll, Overhead & Admin Expenses"
GL-0001045,BAT-202506-MED_UK-05,2025-06-28,2025-06,MED_UK,NetSuite,CASH-BARCLAYS-GBP,Barclays Commercial Operating Account,GBP,0.00,652680.00,-652680.00,Cash Disbursement for SG&A
GL-0001046,BAT-202506-MED_UK-06,2025-06-28,2025-06,MED_UK,NetSuite,DA-SERVER-AMORT,Capitalized Software Amortization,GBP,75000.00,0.00,75000.00,Monthly Depreciation & Amortization
GL-0001047,BAT-202506-MED_UK-06,2025-06-28,2025-06,MED_UK,NetSuite,EQ-COMMON-CAP,Common Equity & Retained Earnings,GBP,0.00,75000.00,-75000.00,Accumulated Depreciation / Reserve Allocation
GL-0001048,BAT-202506-MED_UK-07,2025-06-28,2025-06,MED_UK,NetSuite,FIN-TERM-INT,Growth Debt Monthly Interest Charge,GBP,118841.67,0.00,118841.67,Senior Facility Monthly Interest Charge
GL-0001049,BAT-202506-MED_UK-07,2025-06-28,2025-06,MED_UK,NetSuite,DEBT-SENIOR-FAC,Syndicated Senior Debt Tranche,GBP,180000.00,0.00,180000.00,Senior Debt Principal Amortization
GL-0001050,BAT-202506-MED_UK-07,2025-06-28,2025-06,MED_UK,NetSuite,CASH-BARCLAYS-GBP,Barclays Commercial Operating Account,GBP,0.00,298841.67,-298841.67,Cash Wire for Scheduled Debt Service
GL-0001051,BAT-202506-LOGI_EU-01,2025-06-28,2025-06,LOGI_EU,Dynamics365,1400_FORDERUNGEN,Forderungen aus Lieferungen und Leistungen,EUR,2950912.61,0.00,2950912.61,Commercial Invoicing & Billing
GL-0001052,BAT-202506-LOGI_EU-01,2025-06-28,2025-06,LOGI_EU,Dynamics365,4400_ERLOESE,Erlöse aus Logistikdienstleistungen,EUR,0.00,2950912.61,-2950912.61,Core Operating Revenue Earned
GL-0001053,BAT-202506-LOGI_EU-02,2025-06-28,2025-06,LOGI_EU,Dynamics365,1200_BANK_EUR,Deutsche Bank Geschäftsguthaben,EUR,2803366.98,0.00,2803366.98,Cash Collections from Customers
GL-0001054,BAT-202506-LOGI_EU-02,2025-06-28,2025-06,LOGI_EU,Dynamics365,1400_FORDERUNGEN,Forderungen aus Lieferungen und Leistungen,EUR,0.00,2803366.98,-2803366.98,AR Settlement from Collections
GL-0001055,BAT-202506-LOGI_EU-03,2025-06-28,2025-06,LOGI_EU,Dynamics365,5400_WARENEINSATZ,Aufwendungen für Frachten & Treibstoff,EUR,1416438.05,0.00,1416438.05,Direct Cost of Goods & Services Delivered
GL-0001056,BAT-202506-LOGI_EU-03,2025-06-28,2025-06,LOGI_EU,Dynamics365,3300_VERBINDLICHKEITEN,Verbindlichkeiten aus Lieferungen,EUR,0.00,1416438.05,-1416438.05,Vendor Invoices Received
GL-0001057,BAT-202506-LOGI_EU-04,2025-06-28,2025-06,LOGI_EU,Dynamics365,3300_VERBINDLICHKEITEN,Verbindlichkeiten aus Lieferungen,EUR,1274794.24,0.00,1274794.24,Vendor AP Disbursed
GL-0001058,BAT-202506-LOGI_EU-04,2025-06-28,2025-06,LOGI_EU,Dynamics365,1200_BANK_EUR,Deutsche Bank Geschäftsguthaben,EUR,0.00,1274794.24,-1274794.24,Operating Cash Disbursed for Direct COGS
GL-0001059,BAT-202506-LOGI_EU-05,2025-06-28,2025-06,LOGI_EU,Dynamics365,6200_PERSONALAUFWAND,Personalaufwand und allgemeine Verwaltung,EUR,673400.00,0.00,673400.00,"SG&A Payroll, Overhead & Admin Expenses"
GL-0001060,BAT-202506-LOGI_EU-05,2025-06-28,2025-06,LOGI_EU,Dynamics365,1200_BANK_EUR,Deutsche Bank Geschäftsguthaben,EUR,0.00,673400.00,-673400.00,Cash Disbursement for SG&A
GL-0001061,BAT-202506-LOGI_EU-06,2025-06-28,2025-06,LOGI_EU,Dynamics365,6500_ABSCHREIBUNGEN,Abschreibungen auf Fuhrpark und Logistik,EUR,90000.00,0.00,90000.00,Monthly Depreciation & Amortization
GL-0001062,BAT-202506-LOGI_EU-06,2025-06-28,2025-06,LOGI_EU,Dynamics365,2000_EIGENKAPITAL,Gezeichnetes Kapital und Rücklagen,EUR,0.00,90000.00,-90000.00,Accumulated Depreciation / Reserve Allocation
GL-0001063,BAT-202506-LOGI_EU-07,2025-06-28,2025-06,LOGI_EU,Dynamics365,7300_ZINSAUFWAND,Zinsaufwendungen für Darlehen,EUR,148625.00,0.00,148625.00,Senior Facility Monthly Interest Charge
GL-0001064,BAT-202506-LOGI_EU-07,2025-06-28,2025-06,LOGI_EU,Dynamics365,0630_ANLEIHEN,Langfristige Bankverbindlichkeiten,EUR,250000.00,0.00,250000.00,Senior Debt Principal Amortization
GL-0001065,BAT-202506-LOGI_EU-07,2025-06-28,2025-06,LOGI_EU,Dynamics365,1200_BANK_EUR,Deutsche Bank Geschäftsguthaben,EUR,0.00,398625.00,-398625.00,Cash Wire for Scheduled Debt Service
GL-0001066,BAT-202506-RETAIL_US-01,2025-06-28,2025-06,RETAIL_US,QuickBooks,120_Accounts_Receivable,Trade Accounts Receivable Control,USD,1358765.65,0.00,1358765.65,Commercial Invoicing & Billing
GL-0001067,BAT-202506-RETAIL_US-01,2025-06-28,2025-06,RETAIL_US,QuickBooks,401_Merch_Sales,Omnichannel Merchandise Sales,USD,0.00,1358765.65,-1358765.65,Core Operating Revenue Earned
GL-0001068,BAT-202506-RETAIL_US-02,2025-06-28,2025-06,RETAIL_US,QuickBooks,101_Operating_Checking,Chase Commercial Operating Account,USD,1290827.37,0.00,1290827.37,Cash Collections from Customers
GL-0001069,BAT-202506-RETAIL_US-02,2025-06-28,2025-06,RETAIL_US,QuickBooks,120_Accounts_Receivable,Trade Accounts Receivable Control,USD,0.00,1290827.37,-1290827.37,AR Settlement from Collections
GL-0001070,BAT-202506-RETAIL_US-03,2025-06-28,2025-06,RETAIL_US,QuickBooks,501_Cost_Goods_Sold,Cost of Goods Sold & Direct Freight,USD,597856.88,0.00,597856.88,Direct Cost of Goods & Services Delivered
GL-0001071,BAT-202506-RETAIL_US-03,2025-06-28,2025-06,RETAIL_US,QuickBooks,201_Accounts_Payable,Vendor Accounts Payable Control,USD,0.00,597856.88,-597856.88,Vendor Invoices Received
GL-0001072,BAT-202506-RETAIL_US-04,2025-06-28,2025-06,RETAIL_US,QuickBooks,201_Accounts_Payable,Vendor Accounts Payable Control,USD,538071.19,0.00,538071.19,Vendor AP Disbursed
GL-0001073,BAT-202506-RETAIL_US-04,2025-06-28,2025-06,RETAIL_US,QuickBooks,101_Operating_Checking,Chase Commercial Operating Account,USD,0.00,538071.19,-538071.19,Operating Cash Disbursed for Direct COGS
GL-0001074,BAT-202506-RETAIL_US-05,2025-06-28,2025-06,RETAIL_US,QuickBooks,601_Payroll_SG&A,"Store Payroll, Marketing, & Rent",USD,348096.00,0.00,348096.00,"SG&A Payroll, Overhead & Admin Expenses"
GL-0001075,BAT-202506-RETAIL_US-05,2025-06-28,2025-06,RETAIL_US,QuickBooks,101_Operating_Checking,Chase Commercial Operating Account,USD,0.00,348096.00,-348096.00,Cash Disbursement for SG&A
GL-0001076,BAT-202506-RETAIL_US-06,2025-06-28,2025-06,RETAIL_US,QuickBooks,680_Depreciation,Depreciation on Store Fixtures,USD,45000.00,0.00,45000.00,Monthly Depreciation & Amortization
GL-0001077,BAT-202506-RETAIL_US-06,2025-06-28,2025-06,RETAIL_US,QuickBooks,301_Owners_Equity,Shareholder Equity & Retained Earnings,USD,0.00,45000.00,-45000.00,Accumulated Depreciation / Reserve Allocation
GL-0001078,BAT-202506-RETAIL_US-07,2025-06-28,2025-06,RETAIL_US,QuickBooks,701_Interest_Expense,Revolver & Term Interest Expense,USD,88666.67,0.00,88666.67,Senior Facility Monthly Interest Charge
GL-0001079,BAT-202506-RETAIL_US-07,2025-06-28,2025-06,RETAIL_US,QuickBooks,270_Note_Payable,Asset-Based Term Loan Principal,USD,100000.00,0.00,100000.00,Senior Debt Principal Amortization
GL-0001080,BAT-202506-RETAIL_US-07,2025-06-28,2025-06,RETAIL_US,QuickBooks,101_Operating_Checking,Chase Commercial Operating Account,USD,0.00,188666.67,-188666.67,Cash Wire for Scheduled Debt Service
GL-0001081,BAT-202507-DURA_US-01,2025-07-28,2025-07,DURA_US,SAP,GL_AR_110010,Trade Accounts Receivable Commercial,USD,2051761.41,0.00,2051761.41,Commercial Invoicing & Billing
GL-0001082,BAT-202507-DURA_US-01,2025-07-28,2025-07,DURA_US,SAP,GL_REV_400010,Gross Revenue Industrial Sales,USD,0.00,2051761.41,-2051761.41,Core Operating Revenue Earned
GL-0001083,BAT-202507-DURA_US-02,2025-07-28,2025-07,DURA_US,SAP,GL_CASH_100010,JPMorgan Treasury Operating Checking,USD,1949173.34,0.00,1949173.34,Cash Collections from Customers
GL-0001084,BAT-202507-DURA_US-02,2025-07-28,2025-07,DURA_US,SAP,GL_AR_110010,Trade Accounts Receivable Commercial,USD,0.00,1949173.34,-1949173.34,AR Settlement from Collections
GL-0001085,BAT-202507-DURA_US-03,2025-07-28,2025-07,DURA_US,SAP,GL_COGS_500010,Direct Manufacturing Material & Labor,USD,1085381.79,0.00,1085381.79,Direct Cost of Goods & Services Delivered
GL-0001086,BAT-202507-DURA_US-03,2025-07-28,2025-07,DURA_US,SAP,GL_AP_200010,Trade Accounts Payable Vendors,USD,0.00,1085381.79,-1085381.79,Vendor Invoices Received
GL-0001087,BAT-202507-DURA_US-04,2025-07-28,2025-07,DURA_US,SAP,GL_AP_200010,Trade Accounts Payable Vendors,USD,976843.61,0.00,976843.61,Vendor AP Disbursed
GL-0001088,BAT-202507-DURA_US-04,2025-07-28,2025-07,DURA_US,SAP,GL_CASH_100010,JPMorgan Treasury Operating Checking,USD,0.00,976843.61,-976843.61,Operating Cash Disbursed for Direct COGS
GL-0001089,BAT-202507-DURA_US-05,2025-07-28,2025-07,DURA_US,SAP,GL_OPEX_600010,SG&A Operating Overhead & Payroll,USD,788900.00,0.00,788900.00,"SG&A Payroll, Overhead & Admin Expenses"
GL-0001090,BAT-202507-DURA_US-05,2025-07-28,2025-07,DURA_US,SAP,GL_CASH_100010,JPMorgan Treasury Operating Checking,USD,0.00,788900.00,-788900.00,Cash Disbursement for SG&A
GL-0001091,BAT-202507-DURA_US-06,2025-07-28,2025-07,DURA_US,SAP,GL_DA_700010,Plant & Machinery Depreciation,USD,120000.00,0.00,120000.00,Monthly Depreciation & Amortization
GL-0001092,BAT-202507-DURA_US-06,2025-07-28,2025-07,DURA_US,SAP,GL_EQ_300010,Retained Earnings & Contributed Surplus,USD,0.00,120000.00,-120000.00,Accumulated Depreciation / Reserve Allocation
GL-0001093,BAT-202507-DURA_US-07,2025-07-28,2025-07,DURA_US,SAP,GL_INT_800010,Senior Facility Interest Expense,USD,267500.00,0.00,267500.00,Senior Facility Monthly Interest Charge
GL-0001094,BAT-202507-DURA_US-07,2025-07-28,2025-07,DURA_US,SAP,GL_DEBT_250010,Senior Secured Term Loan Principal,USD,400000.00,0.00,400000.00,Senior Debt Principal Amortization
GL-0001095,BAT-202507-DURA_US-07,2025-07-28,2025-07,DURA_US,SAP,GL_CASH_100010,JPMorgan Treasury Operating Checking,USD,0.00,667500.00,-667500.00,Cash Wire for Scheduled Debt Service
GL-0001096,BAT-202507-MED_UK-01,2025-07-28,2025-07,MED_UK,NetSuite,AR-CUSTOMERS,B2B Subscription Receivables Control,GBP,1963485.50,0.00,1963485.50,Commercial Invoicing & Billing
GL-0001097,BAT-202507-MED_UK-01,2025-07-28,2025-07,MED_UK,NetSuite,REV-SUB-ARR,SaaS Subscription ARR Recurring Revenue,GBP,0.00,1963485.50,-1963485.50,Core Operating Revenue Earned
GL-0001098,BAT-202507-MED_UK-02,2025-07-28,2025-07,MED_UK,NetSuite,CASH-BARCLAYS-GBP,Barclays Commercial Operating Account,GBP,1865311.22,0.00,1865311.22,Cash Collections from Customers
GL-0001099,BAT-202507-MED_UK-02,2025-07-28,2025-07,MED_UK,NetSuite,AR-CUSTOMERS,B2B Subscription Receivables Control,GBP,0.00,1865311.22,-1865311.22,AR Settlement from Collections
GL-0001100,BAT-202507-MED_UK-03,2025-07-28,2025-07,MED_UK,NetSuite,COGS-HOST-AWS,AWS Hosting & Direct Infrastructure,GBP,628315.36,0.00,628315.36,Direct Cost of Goods & Services Delivered
GL-0001101,BAT-202507-MED_UK-03,2025-07-28,2025-07,MED_UK,NetSuite,AP-VENDORS,Trade Accounts Payable Vendor Ledger,GBP,0.00,628315.36,-628315.36,Vendor Invoices Received
GL-0001102,BAT-202507-MED_UK-04,2025-07-28,2025-07,MED_UK,NetSuite,AP-VENDORS,Trade Accounts Payable Vendor Ledger,GBP,565483.82,0.00,565483.82,Vendor AP Disbursed
GL-0001103,BAT-202507-MED_UK-04,2025-07-28,2025-07,MED_UK,NetSuite,CASH-BARCLAYS-GBP,Barclays Commercial Operating Account,GBP,0.00,565483.82,-565483.82,Operating Cash Disbursed for Direct COGS
GL-0001104,BAT-202507-MED_UK-05,2025-07-28,2025-07,MED_UK,NetSuite,OPEX-SALES-MKTG,"Sales, Marketing, R&D and Admin",GBP,653940.00,0.00,653940.00,"SG&A Payroll, Overhead & Admin Expenses"
GL-0001105,BAT-202507-MED_UK-05,2025-07-28,2025-07,MED_UK,NetSuite,CASH-BARCLAYS-GBP,Barclays Commercial Operating Account,GBP,0.00,653940.00,-653940.00,Cash Disbursement for SG&A
GL-0001106,BAT-202507-MED_UK-06,2025-07-28,2025-07,MED_UK,NetSuite,DA-SERVER-AMORT,Capitalized Software Amortization,GBP,75000.00,0.00,75000.00,Monthly Depreciation & Amortization
GL-0001107,BAT-202507-MED_UK-06,2025-07-28,2025-07,MED_UK,NetSuite,EQ-COMMON-CAP,Common Equity & Retained Earnings,GBP,0.00,75000.00,-75000.00,Accumulated Depreciation / Reserve Allocation
GL-0001108,BAT-202507-MED_UK-07,2025-07-28,2025-07,MED_UK,NetSuite,FIN-TERM-INT,Growth Debt Monthly Interest Charge,GBP,117866.67,0.00,117866.67,Senior Facility Monthly Interest Charge
GL-0001109,BAT-202507-MED_UK-07,2025-07-28,2025-07,MED_UK,NetSuite,DEBT-SENIOR-FAC,Syndicated Senior Debt Tranche,GBP,180000.00,0.00,180000.00,Senior Debt Principal Amortization
GL-0001110,BAT-202507-MED_UK-07,2025-07-28,2025-07,MED_UK,NetSuite,CASH-BARCLAYS-GBP,Barclays Commercial Operating Account,GBP,0.00,297866.67,-297866.67,Cash Wire for Scheduled Debt Service
GL-0001111,BAT-202507-LOGI_EU-01,2025-07-28,2025-07,LOGI_EU,Dynamics365,1400_FORDERUNGEN,Forderungen aus Lieferungen und Leistungen,EUR,2890112.95,0.00,2890112.95,Commercial Invoicing & Billing
GL-0001112,BAT-202507-LOGI_EU-01,2025-07-28,2025-07,LOGI_EU,Dynamics365,4400_ERLOESE,Erlöse aus Logistikdienstleistungen,EUR,0.00,2890112.95,-2890112.95,Core Operating Revenue Earned
GL-0001113,BAT-202507-LOGI_EU-02,2025-07-28,2025-07,LOGI_EU,Dynamics365,1200_BANK_EUR,Deutsche Bank Geschäftsguthaben,EUR,2745607.30,0.00,2745607.30,Cash Collections from Customers
GL-0001114,BAT-202507-LOGI_EU-02,2025-07-28,2025-07,LOGI_EU,Dynamics365,1400_FORDERUNGEN,Forderungen aus Lieferungen und Leistungen,EUR,0.00,2745607.30,-2745607.30,AR Settlement from Collections
GL-0001115,BAT-202507-LOGI_EU-03,2025-07-28,2025-07,LOGI_EU,Dynamics365,5400_WARENEINSATZ,Aufwendungen für Frachten & Treibstoff,EUR,1387254.22,0.00,1387254.22,Direct Cost of Goods & Services Delivered
GL-0001116,BAT-202507-LOGI_EU-03,2025-07-28,2025-07,LOGI_EU,Dynamics365,3300_VERBINDLICHKEITEN,Verbindlichkeiten aus Lieferungen,EUR,0.00,1387254.22,-1387254.22,Vendor Invoices Received
GL-0001117,BAT-202507-LOGI_EU-04,2025-07-28,2025-07,LOGI_EU,Dynamics365,3300_VERBINDLICHKEITEN,Verbindlichkeiten aus Lieferungen,EUR,1248528.80,0.00,1248528.80,Vendor AP Disbursed
GL-0001118,BAT-202507-LOGI_EU-04,2025-07-28,2025-07,LOGI_EU,Dynamics365,1200_BANK_EUR,Deutsche Bank Geschäftsguthaben,EUR,0.00,1248528.80,-1248528.80,Operating Cash Disbursed for Direct COGS
GL-0001119,BAT-202507-LOGI_EU-05,2025-07-28,2025-07,LOGI_EU,Dynamics365,6200_PERSONALAUFWAND,Personalaufwand und allgemeine Verwaltung,EUR,674700.00,0.00,674700.00,"SG&A Payroll, Overhead & Admin Expenses"
GL-0001120,BAT-202507-LOGI_EU-05,2025-07-28,2025-07,LOGI_EU,Dynamics365,1200_BANK_EUR,Deutsche Bank Geschäftsguthaben,EUR,0.00,674700.00,-674700.00,Cash Disbursement for SG&A
GL-0001121,BAT-202507-LOGI_EU-06,2025-07-28,2025-07,LOGI_EU,Dynamics365,6500_ABSCHREIBUNGEN,Abschreibungen auf Fuhrpark und Logistik,EUR,90000.00,0.00,90000.00,Monthly Depreciation & Amortization
GL-0001122,BAT-202507-LOGI_EU-06,2025-07-28,2025-07,LOGI_EU,Dynamics365,2000_EIGENKAPITAL,Gezeichnetes Kapital und Rücklagen,EUR,0.00,90000.00,-90000.00,Accumulated Depreciation / Reserve Allocation
GL-0001123,BAT-202507-LOGI_EU-07,2025-07-28,2025-07,LOGI_EU,Dynamics365,7300_ZINSAUFWAND,Zinsaufwendungen für Darlehen,EUR,147416.67,0.00,147416.67,Senior Facility Monthly Interest Charge
GL-0001124,BAT-202507-LOGI_EU-07,2025-07-28,2025-07,LOGI_EU,Dynamics365,0630_ANLEIHEN,Langfristige Bankverbindlichkeiten,EUR,250000.00,0.00,250000.00,Senior Debt Principal Amortization
GL-0001125,BAT-202507-LOGI_EU-07,2025-07-28,2025-07,LOGI_EU,Dynamics365,1200_BANK_EUR,Deutsche Bank Geschäftsguthaben,EUR,0.00,397416.67,-397416.67,Cash Wire for Scheduled Debt Service
GL-0001126,BAT-202507-RETAIL_US-01,2025-07-28,2025-07,RETAIL_US,QuickBooks,120_Accounts_Receivable,Trade Accounts Receivable Control,USD,1312024.89,0.00,1312024.89,Commercial Invoicing & Billing
GL-0001127,BAT-202507-RETAIL_US-01,2025-07-28,2025-07,RETAIL_US,QuickBooks,401_Merch_Sales,Omnichannel Merchandise Sales,USD,0.00,1312024.89,-1312024.89,Core Operating Revenue Earned
GL-0001128,BAT-202507-RETAIL_US-02,2025-07-28,2025-07,RETAIL_US,QuickBooks,101_Operating_Checking,Chase Commercial Operating Account,USD,1246423.65,0.00,1246423.65,Cash Collections from Customers
GL-0001129,BAT-202507-RETAIL_US-02,2025-07-28,2025-07,RETAIL_US,QuickBooks,120_Accounts_Receivable,Trade Accounts Receivable Control,USD,0.00,1246423.65,-1246423.65,AR Settlement from Collections
GL-0001130,BAT-202507-RETAIL_US-03,2025-07-28,2025-07,RETAIL_US,QuickBooks,501_Cost_Goods_Sold,Cost of Goods Sold & Direct Freight,USD,577290.95,0.00,577290.95,Direct Cost of Goods & Services Delivered
GL-0001131,BAT-202507-RETAIL_US-03,2025-07-28,2025-07,RETAIL_US,QuickBooks,201_Accounts_Payable,Vendor Accounts Payable Control,USD,0.00,577290.95,-577290.95,Vendor Invoices Received
GL-0001132,BAT-202507-RETAIL_US-04,2025-07-28,2025-07,RETAIL_US,QuickBooks,201_Accounts_Payable,Vendor Accounts Payable Control,USD,519561.85,0.00,519561.85,Vendor AP Disbursed
GL-0001133,BAT-202507-RETAIL_US-04,2025-07-28,2025-07,RETAIL_US,QuickBooks,101_Operating_Checking,Chase Commercial Operating Account,USD,0.00,519561.85,-519561.85,Operating Cash Disbursed for Direct COGS
GL-0001134,BAT-202507-RETAIL_US-05,2025-07-28,2025-07,RETAIL_US,QuickBooks,601_Payroll_SG&A,"Store Payroll, Marketing, & Rent",USD,348768.00,0.00,348768.00,"SG&A Payroll, Overhead & Admin Expenses"
GL-0001135,BAT-202507-RETAIL_US-05,2025-07-28,2025-07,RETAIL_US,QuickBooks,101_Operating_Checking,Chase Commercial Operating Account,USD,0.00,348768.00,-348768.00,Cash Disbursement for SG&A
GL-0001136,BAT-202507-RETAIL_US-06,2025-07-28,2025-07,RETAIL_US,QuickBooks,680_Depreciation,Depreciation on Store Fixtures,USD,45000.00,0.00,45000.00,Monthly Depreciation & Amortization
GL-0001137,BAT-202507-RETAIL_US-06,2025-07-28,2025-07,RETAIL_US,QuickBooks,301_Owners_Equity,Shareholder Equity & Retained Earnings,USD,0.00,45000.00,-45000.00,Accumulated Depreciation / Reserve Allocation
GL-0001138,BAT-202507-RETAIL_US-07,2025-07-28,2025-07,RETAIL_US,QuickBooks,701_Interest_Expense,Revolver & Term Interest Expense,USD,88000.00,0.00,88000.00,Senior Facility Monthly Interest Charge
GL-0001139,BAT-202507-RETAIL_US-07,2025-07-28,2025-07,RETAIL_US,QuickBooks,270_Note_Payable,Asset-Based Term Loan Principal,USD,100000.00,0.00,100000.00,Senior Debt Principal Amortization
GL-0001140,BAT-202507-RETAIL_US-07,2025-07-28,2025-07,RETAIL_US,QuickBooks,101_Operating_Checking,Chase Commercial Operating Account,USD,0.00,188000.00,-188000.00,Cash Wire for Scheduled Debt Service
GL-0001141,BAT-202508-DURA_US-01,2025-08-28,2025-08,DURA_US,SAP,GL_AR_110010,Trade Accounts Receivable Commercial,USD,1994527.85,0.00,1994527.85,Commercial Invoicing & Billing
GL-0001142,BAT-202508-DURA_US-01,2025-08-28,2025-08,DURA_US,SAP,GL_REV_400010,Gross Revenue Industrial Sales,USD,0.00,1994527.85,-1994527.85,Core Operating Revenue Earned
GL-0001143,BAT-202508-DURA_US-02,2025-08-28,2025-08,DURA_US,SAP,GL_CASH_100010,JPMorgan Treasury Operating Checking,USD,1894801.46,0.00,1894801.46,Cash Collections from Customers
GL-0001144,BAT-202508-DURA_US-02,2025-08-28,2025-08,DURA_US,SAP,GL_AR_110010,Trade Accounts Receivable Commercial,USD,0.00,1894801.46,-1894801.46,AR Settlement from Collections
GL-0001145,BAT-202508-DURA_US-03,2025-08-28,2025-08,DURA_US,SAP,GL_COGS_500010,Direct Manufacturing Material & Labor,USD,1055105.23,0.00,1055105.23,Direct Cost of Goods & Services Delivered
GL-0001146,BAT-202508-DURA_US-03,2025-08-28,2025-08,DURA_US,SAP,GL_AP_200010,Trade Accounts Payable Vendors,USD,0.00,1055105.23,-1055105.23,Vendor Invoices Received
GL-0001147,BAT-202508-DURA_US-04,2025-08-28,2025-08,DURA_US,SAP,GL_AP_200010,Trade Accounts Payable Vendors,USD,949594.71,0.00,949594.71,Vendor AP Disbursed
GL-0001148,BAT-202508-DURA_US-04,2025-08-28,2025-08,DURA_US,SAP,GL_CASH_100010,JPMorgan Treasury Operating Checking,USD,0.00,949594.71,-949594.71,Operating Cash Disbursed for Direct COGS
GL-0001149,BAT-202508-DURA_US-05,2025-08-28,2025-08,DURA_US,SAP,GL_OPEX_600010,SG&A Operating Overhead & Payroll,USD,788900.00,0.00,788900.00,"SG&A Payroll, Overhead & Admin Expenses"
GL-0001150,BAT-202508-DURA_US-05,2025-08-28,2025-08,DURA_US,SAP,GL_CASH_100010,JPMorgan Treasury Operating Checking,USD,0.00,788900.00,-788900.00,Cash Disbursement for SG&A
GL-0001151,BAT-202508-DURA_US-06,2025-08-28,2025-08,DURA_US,SAP,GL_DA_700010,Plant & Machinery Depreciation,USD,120000.00,0.00,120000.00,Monthly Depreciation & Amortization
GL-0001152,BAT-202508-DURA_US-06,2025-08-28,2025-08,DURA_US,SAP,GL_EQ_300010,Retained Earnings & Contributed Surplus,USD,0.00,120000.00,-120000.00,Accumulated Depreciation / Reserve Allocation
GL-0001153,BAT-202508-DURA_US-07,2025-08-28,2025-08,DURA_US,SAP,GL_INT_800010,Senior Facility Interest Expense,USD,265000.00,0.00,265000.00,Senior Facility Monthly Interest Charge
GL-0001154,BAT-202508-DURA_US-07,2025-08-28,2025-08,DURA_US,SAP,GL_DEBT_250010,Senior Secured Term Loan Principal,USD,400000.00,0.00,400000.00,Senior Debt Principal Amortization
GL-0001155,BAT-202508-DURA_US-07,2025-08-28,2025-08,DURA_US,SAP,GL_CASH_100010,JPMorgan Treasury Operating Checking,USD,0.00,665000.00,-665000.00,Cash Wire for Scheduled Debt Service
GL-0001156,BAT-202508-MED_UK-01,2025-08-28,2025-08,MED_UK,NetSuite,AR-CUSTOMERS,B2B Subscription Receivables Control,GBP,1934918.51,0.00,1934918.51,Commercial Invoicing & Billing
GL-0001157,BAT-202508-MED_UK-01,2025-08-28,2025-08,MED_UK,NetSuite,REV-SUB-ARR,SaaS Subscription ARR Recurring Revenue,GBP,0.00,1934918.51,-1934918.51,Core Operating Revenue Earned
GL-0001158,BAT-202508-MED_UK-02,2025-08-28,2025-08,MED_UK,NetSuite,CASH-BARCLAYS-GBP,Barclays Commercial Operating Account,GBP,1838172.58,0.00,1838172.58,Cash Collections from Customers
GL-0001159,BAT-202508-MED_UK-02,2025-08-28,2025-08,MED_UK,NetSuite,AR-CUSTOMERS,B2B Subscription Receivables Control,GBP,0.00,1838172.58,-1838172.58,AR Settlement from Collections
GL-0001160,BAT-202508-MED_UK-03,2025-08-28,2025-08,MED_UK,NetSuite,COGS-HOST-AWS,AWS Hosting & Direct Infrastructure,GBP,619173.92,0.00,619173.92,Direct Cost of Goods & Services Delivered
GL-0001161,BAT-202508-MED_UK-03,2025-08-28,2025-08,MED_UK,NetSuite,AP-VENDORS,Trade Accounts Payable Vendor Ledger,GBP,0.00,619173.92,-619173.92,Vendor Invoices Received
GL-0001162,BAT-202508-MED_UK-04,2025-08-28,2025-08,MED_UK,NetSuite,AP-VENDORS,Trade Accounts Payable Vendor Ledger,GBP,557256.53,0.00,557256.53,Vendor AP Disbursed
GL-0001163,BAT-202508-MED_UK-04,2025-08-28,2025-08,MED_UK,NetSuite,CASH-BARCLAYS-GBP,Barclays Commercial Operating Account,GBP,0.00,557256.53,-557256.53,Operating Cash Disbursed for Direct COGS
GL-0001164,BAT-202508-MED_UK-05,2025-08-28,2025-08,MED_UK,NetSuite,OPEX-SALES-MKTG,"Sales, Marketing, R&D and Admin",GBP,655200.00,0.00,655200.00,"SG&A Payroll, Overhead & Admin Expenses"
GL-0001165,BAT-202508-MED_UK-05,2025-08-28,2025-08,MED_UK,NetSuite,CASH-BARCLAYS-GBP,Barclays Commercial Operating Account,GBP,0.00,655200.00,-655200.00,Cash Disbursement for SG&A
GL-0001166,BAT-202508-MED_UK-06,2025-08-28,2025-08,MED_UK,NetSuite,DA-SERVER-AMORT,Capitalized Software Amortization,GBP,75000.00,0.00,75000.00,Monthly Depreciation & Amortization
GL-0001167,BAT-202508-MED_UK-06,2025-08-28,2025-08,MED_UK,NetSuite,EQ-COMMON-CAP,Common Equity & Retained Earnings,GBP,0.00,75000.00,-75000.00,Accumulated Depreciation / Reserve Allocation
GL-0001168,BAT-202508-MED_UK-07,2025-08-28,2025-08,MED_UK,NetSuite,FIN-TERM-INT,Growth Debt Monthly Interest Charge,GBP,116891.67,0.00,116891.67,Senior Facility Monthly Interest Charge
GL-0001169,BAT-202508-MED_UK-07,2025-08-28,2025-08,MED_UK,NetSuite,DEBT-SENIOR-FAC,Syndicated Senior Debt Tranche,GBP,180000.00,0.00,180000.00,Senior Debt Principal Amortization
GL-0001170,BAT-202508-MED_UK-07,2025-08-28,2025-08,MED_UK,NetSuite,CASH-BARCLAYS-GBP,Barclays Commercial Operating Account,GBP,0.00,296891.67,-296891.67,Cash Wire for Scheduled Debt Service
GL-0001171,BAT-202508-LOGI_EU-01,2025-08-28,2025-08,LOGI_EU,Dynamics365,1400_FORDERUNGEN,Forderungen aus Lieferungen und Leistungen,EUR,2763825.13,0.00,2763825.13,Commercial Invoicing & Billing
GL-0001172,BAT-202508-LOGI_EU-01,2025-08-28,2025-08,LOGI_EU,Dynamics365,4400_ERLOESE,Erlöse aus Logistikdienstleistungen,EUR,0.00,2763825.13,-2763825.13,Core Operating Revenue Earned
GL-0001173,BAT-202508-LOGI_EU-02,2025-08-28,2025-08,LOGI_EU,Dynamics365,1200_BANK_EUR,Deutsche Bank Geschäftsguthaben,EUR,2625633.87,0.00,2625633.87,Cash Collections from Customers
GL-0001174,BAT-202508-LOGI_EU-02,2025-08-28,2025-08,LOGI_EU,Dynamics365,1400_FORDERUNGEN,Forderungen aus Lieferungen und Leistungen,EUR,0.00,2625633.87,-2625633.87,AR Settlement from Collections
GL-0001175,BAT-202508-LOGI_EU-03,2025-08-28,2025-08,LOGI_EU,Dynamics365,5400_WARENEINSATZ,Aufwendungen für Frachten & Treibstoff,EUR,1326636.06,0.00,1326636.06,Direct Cost of Goods & Services Delivered
GL-0001176,BAT-202508-LOGI_EU-03,2025-08-28,2025-08,LOGI_EU,Dynamics365,3300_VERBINDLICHKEITEN,Verbindlichkeiten aus Lieferungen,EUR,0.00,1326636.06,-1326636.06,Vendor Invoices Received
GL-0001177,BAT-202508-LOGI_EU-04,2025-08-28,2025-08,LOGI_EU,Dynamics365,3300_VERBINDLICHKEITEN,Verbindlichkeiten aus Lieferungen,EUR,1193972.45,0.00,1193972.45,Vendor AP Disbursed
GL-0001178,BAT-202508-LOGI_EU-04,2025-08-28,2025-08,LOGI_EU,Dynamics365,1200_BANK_EUR,Deutsche Bank Geschäftsguthaben,EUR,0.00,1193972.45,-1193972.45,Operating Cash Disbursed for Direct COGS
GL-0001179,BAT-202508-LOGI_EU-05,2025-08-28,2025-08,LOGI_EU,Dynamics365,6200_PERSONALAUFWAND,Personalaufwand und allgemeine Verwaltung,EUR,676000.00,0.00,676000.00,"SG&A Payroll, Overhead & Admin Expenses"
GL-0001180,BAT-202508-LOGI_EU-05,2025-08-28,2025-08,LOGI_EU,Dynamics365,1200_BANK_EUR,Deutsche Bank Geschäftsguthaben,EUR,0.00,676000.00,-676000.00,Cash Disbursement for SG&A
GL-0001181,BAT-202508-LOGI_EU-06,2025-08-28,2025-08,LOGI_EU,Dynamics365,6500_ABSCHREIBUNGEN,Abschreibungen auf Fuhrpark und Logistik,EUR,90000.00,0.00,90000.00,Monthly Depreciation & Amortization
GL-0001182,BAT-202508-LOGI_EU-06,2025-08-28,2025-08,LOGI_EU,Dynamics365,2000_EIGENKAPITAL,Gezeichnetes Kapital und Rücklagen,EUR,0.00,90000.00,-90000.00,Accumulated Depreciation / Reserve Allocation
GL-0001183,BAT-202508-LOGI_EU-07,2025-08-28,2025-08,LOGI_EU,Dynamics365,7300_ZINSAUFWAND,Zinsaufwendungen für Darlehen,EUR,146208.33,0.00,146208.33,Senior Facility Monthly Interest Charge
GL-0001184,BAT-202508-LOGI_EU-07,2025-08-28,2025-08,LOGI_EU,Dynamics365,0630_ANLEIHEN,Langfristige Bankverbindlichkeiten,EUR,250000.00,0.00,250000.00,Senior Debt Principal Amortization
GL-0001185,BAT-202508-LOGI_EU-07,2025-08-28,2025-08,LOGI_EU,Dynamics365,1200_BANK_EUR,Deutsche Bank Geschäftsguthaben,EUR,0.00,396208.33,-396208.33,Cash Wire for Scheduled Debt Service
GL-0001186,BAT-202508-RETAIL_US-01,2025-08-28,2025-08,RETAIL_US,QuickBooks,120_Accounts_Receivable,Trade Accounts Receivable Control,USD,1291060.13,0.00,1291060.13,Commercial Invoicing & Billing
GL-0001187,BAT-202508-RETAIL_US-01,2025-08-28,2025-08,RETAIL_US,QuickBooks,401_Merch_Sales,Omnichannel Merchandise Sales,USD,0.00,1291060.13,-1291060.13,Core Operating Revenue Earned
GL-0001188,BAT-202508-RETAIL_US-02,2025-08-28,2025-08,RETAIL_US,QuickBooks,101_Operating_Checking,Chase Commercial Operating Account,USD,1226507.12,0.00,1226507.12,Cash Collections from Customers
GL-0001189,BAT-202508-RETAIL_US-02,2025-08-28,2025-08,RETAIL_US,QuickBooks,120_Accounts_Receivable,Trade Accounts Receivable Control,USD,0.00,1226507.12,-1226507.12,AR Settlement from Collections
GL-0001190,BAT-202508-RETAIL_US-03,2025-08-28,2025-08,RETAIL_US,QuickBooks,501_Cost_Goods_Sold,Cost of Goods Sold & Direct Freight,USD,568066.46,0.00,568066.46,Direct Cost of Goods & Services Delivered
GL-0001191,BAT-202508-RETAIL_US-03,2025-08-28,2025-08,RETAIL_US,QuickBooks,201_Accounts_Payable,Vendor Accounts Payable Control,USD,0.00,568066.46,-568066.46,Vendor Invoices Received
GL-0001192,BAT-202508-RETAIL_US-04,2025-08-28,2025-08,RETAIL_US,QuickBooks,201_Accounts_Payable,Vendor Accounts Payable Control,USD,511259.81,0.00,511259.81,Vendor AP Disbursed
GL-0001193,BAT-202508-RETAIL_US-04,2025-08-28,2025-08,RETAIL_US,QuickBooks,101_Operating_Checking,Chase Commercial Operating Account,USD,0.00,511259.81,-511259.81,Operating Cash Disbursed for Direct COGS
GL-0001194,BAT-202508-RETAIL_US-05,2025-08-28,2025-08,RETAIL_US,QuickBooks,601_Payroll_SG&A,"Store Payroll, Marketing, & Rent",USD,349440.00,0.00,349440.00,"SG&A Payroll, Overhead & Admin Expenses"
GL-0001195,BAT-202508-RETAIL_US-05,2025-08-28,2025-08,RETAIL_US,QuickBooks,101_Operating_Checking,Chase Commercial Operating Account,USD,0.00,349440.00,-349440.00,Cash Disbursement for SG&A
GL-0001196,BAT-202508-RETAIL_US-06,2025-08-28,2025-08,RETAIL_US,QuickBooks,680_Depreciation,Depreciation on Store Fixtures,USD,45000.00,0.00,45000.00,Monthly Depreciation & Amortization
GL-0001197,BAT-202508-RETAIL_US-06,2025-08-28,2025-08,RETAIL_US,QuickBooks,301_Owners_Equity,Shareholder Equity & Retained Earnings,USD,0.00,45000.00,-45000.00,Accumulated Depreciation / Reserve Allocation
GL-0001198,BAT-202508-RETAIL_US-07,2025-08-28,2025-08,RETAIL_US,QuickBooks,701_Interest_Expense,Revolver & Term Interest Expense,USD,87333.33,0.00,87333.33,Senior Facility Monthly Interest Charge
GL-0001199,BAT-202508-RETAIL_US-07,2025-08-28,2025-08,RETAIL_US,QuickBooks,270_Note_Payable,Asset-Based Term Loan Principal,USD,100000.00,0.00,100000.00,Senior Debt Principal Amortization
GL-0001200,BAT-202508-RETAIL_US-07,2025-08-28,2025-08,RETAIL_US,QuickBooks,101_Operating_Checking,Chase Commercial Operating Account,USD,0.00,187333.33,-187333.33,Cash Wire for Scheduled Debt Service
GL-0001201,BAT-202509-DURA_US-01,2025-09-28,2025-09,DURA_US,SAP,GL_AR_110010,Trade Accounts Receivable Commercial,USD,2015916.07,0.00,2015916.07,Commercial Invoicing & Billing
GL-0001202,BAT-202509-DURA_US-01,2025-09-28,2025-09,DURA_US,SAP,GL_REV_400010,Gross Revenue Industrial Sales,USD,0.00,2015916.07,-2015916.07,Core Operating Revenue Earned
GL-0001203,BAT-202509-DURA_US-02,2025-09-28,2025-09,DURA_US,SAP,GL_CASH_100010,JPMorgan Treasury Operating Checking,USD,1915120.27,0.00,1915120.27,Cash Collections from Customers
GL-0001204,BAT-202509-DURA_US-02,2025-09-28,2025-09,DURA_US,SAP,GL_AR_110010,Trade Accounts Receivable Commercial,USD,0.00,1915120.27,-1915120.27,AR Settlement from Collections
GL-0001205,BAT-202509-DURA_US-03,2025-09-28,2025-09,DURA_US,SAP,GL_COGS_500010,Direct Manufacturing Material & Labor,USD,1066419.60,0.00,1066419.60,Direct Cost of Goods & Services Delivered
GL-0001206,BAT-202509-DURA_US-03,2025-09-28,2025-09,DURA_US,SAP,GL_AP_200010,Trade Accounts Payable Vendors,USD,0.00,1066419.60,-1066419.60,Vendor Invoices Received
GL-0001207,BAT-202509-DURA_US-04,2025-09-28,2025-09,DURA_US,SAP,GL_AP_200010,Trade Accounts Payable Vendors,USD,959777.64,0.00,959777.64,Vendor AP Disbursed
GL-0001208,BAT-202509-DURA_US-04,2025-09-28,2025-09,DURA_US,SAP,GL_CASH_100010,JPMorgan Treasury Operating Checking,USD,0.00,959777.64,-959777.64,Operating Cash Disbursed for Direct COGS
GL-0001209,BAT-202509-DURA_US-05,2025-09-28,2025-09,DURA_US,SAP,GL_OPEX_600010,SG&A Operating Overhead & Payroll,USD,788900.00,0.00,788900.00,"SG&A Payroll, Overhead & Admin Expenses"
GL-0001210,BAT-202509-DURA_US-05,2025-09-28,2025-09,DURA_US,SAP,GL_CASH_100010,JPMorgan Treasury Operating Checking,USD,0.00,788900.00,-788900.00,Cash Disbursement for SG&A
GL-0001211,BAT-202509-DURA_US-06,2025-09-28,2025-09,DURA_US,SAP,GL_DA_700010,Plant & Machinery Depreciation,USD,120000.00,0.00,120000.00,Monthly Depreciation & Amortization
GL-0001212,BAT-202509-DURA_US-06,2025-09-28,2025-09,DURA_US,SAP,GL_EQ_300010,Retained Earnings & Contributed Surplus,USD,0.00,120000.00,-120000.00,Accumulated Depreciation / Reserve Allocation
GL-0001213,BAT-202509-DURA_US-07,2025-09-28,2025-09,DURA_US,SAP,GL_INT_800010,Senior Facility Interest Expense,USD,262500.00,0.00,262500.00,Senior Facility Monthly Interest Charge
GL-0001214,BAT-202509-DURA_US-07,2025-09-28,2025-09,DURA_US,SAP,GL_DEBT_250010,Senior Secured Term Loan Principal,USD,400000.00,0.00,400000.00,Senior Debt Principal Amortization
GL-0001215,BAT-202509-DURA_US-07,2025-09-28,2025-09,DURA_US,SAP,GL_CASH_100010,JPMorgan Treasury Operating Checking,USD,0.00,662500.00,-662500.00,Cash Wire for Scheduled Debt Service
GL-0001216,BAT-202509-MED_UK-01,2025-09-28,2025-09,MED_UK,NetSuite,AR-CUSTOMERS,B2B Subscription Receivables Control,GBP,1882664.87,0.00,1882664.87,Commercial Invoicing & Billing
GL-0001217,BAT-202509-MED_UK-01,2025-09-28,2025-09,MED_UK,NetSuite,REV-SUB-ARR,SaaS Subscription ARR Recurring Revenue,GBP,0.00,1882664.87,-1882664.87,Core Operating Revenue Earned
GL-0001218,BAT-202509-MED_UK-02,2025-09-28,2025-09,MED_UK,NetSuite,CASH-BARCLAYS-GBP,Barclays Commercial Operating Account,GBP,1788531.63,0.00,1788531.63,Cash Collections from Customers
GL-0001219,BAT-202509-MED_UK-02,2025-09-28,2025-09,MED_UK,NetSuite,AR-CUSTOMERS,B2B Subscription Receivables Control,GBP,0.00,1788531.63,-1788531.63,AR Settlement from Collections
GL-0001220,BAT-202509-MED_UK-03,2025-09-28,2025-09,MED_UK,NetSuite,COGS-HOST-AWS,AWS Hosting & Direct Infrastructure,GBP,602452.76,0.00,602452.76,Direct Cost of Goods & Services Delivered
GL-0001221,BAT-202509-MED_UK-03,2025-09-28,2025-09,MED_UK,NetSuite,AP-VENDORS,Trade Accounts Payable Vendor Ledger,GBP,0.00,602452.76,-602452.76,Vendor Invoices Received
GL-0001222,BAT-202509-MED_UK-04,2025-09-28,2025-09,MED_UK,NetSuite,AP-VENDORS,Trade Accounts Payable Vendor Ledger,GBP,542207.48,0.00,542207.48,Vendor AP Disbursed
GL-0001223,BAT-202509-MED_UK-04,2025-09-28,2025-09,MED_UK,NetSuite,CASH-BARCLAYS-GBP,Barclays Commercial Operating Account,GBP,0.00,542207.48,-542207.48,Operating Cash Disbursed for Direct COGS
GL-0001224,BAT-202509-MED_UK-05,2025-09-28,2025-09,MED_UK,NetSuite,OPEX-SALES-MKTG,"Sales, Marketing, R&D and Admin",GBP,656460.00,0.00,656460.00,"SG&A Payroll, Overhead & Admin Expenses"
GL-0001225,BAT-202509-MED_UK-05,2025-09-28,2025-09,MED_UK,NetSuite,CASH-BARCLAYS-GBP,Barclays Commercial Operating Account,GBP,0.00,656460.00,-656460.00,Cash Disbursement for SG&A
GL-0001226,BAT-202509-MED_UK-06,2025-09-28,2025-09,MED_UK,NetSuite,DA-SERVER-AMORT,Capitalized Software Amortization,GBP,75000.00,0.00,75000.00,Monthly Depreciation & Amortization
GL-0001227,BAT-202509-MED_UK-06,2025-09-28,2025-09,MED_UK,NetSuite,EQ-COMMON-CAP,Common Equity & Retained Earnings,GBP,0.00,75000.00,-75000.00,Accumulated Depreciation / Reserve Allocation
GL-0001228,BAT-202509-MED_UK-07,2025-09-28,2025-09,MED_UK,NetSuite,FIN-TERM-INT,Growth Debt Monthly Interest Charge,GBP,115916.67,0.00,115916.67,Senior Facility Monthly Interest Charge
GL-0001229,BAT-202509-MED_UK-07,2025-09-28,2025-09,MED_UK,NetSuite,DEBT-SENIOR-FAC,Syndicated Senior Debt Tranche,GBP,180000.00,0.00,180000.00,Senior Debt Principal Amortization
GL-0001230,BAT-202509-MED_UK-07,2025-09-28,2025-09,MED_UK,NetSuite,CASH-BARCLAYS-GBP,Barclays Commercial Operating Account,GBP,0.00,295916.67,-295916.67,Cash Wire for Scheduled Debt Service
GL-0001231,BAT-202509-LOGI_EU-01,2025-09-28,2025-09,LOGI_EU,Dynamics365,1400_FORDERUNGEN,Forderungen aus Lieferungen und Leistungen,EUR,2800339.36,0.00,2800339.36,Commercial Invoicing & Billing
GL-0001232,BAT-202509-LOGI_EU-01,2025-09-28,2025-09,LOGI_EU,Dynamics365,4400_ERLOESE,Erlöse aus Logistikdienstleistungen,EUR,0.00,2800339.36,-2800339.36,Core Operating Revenue Earned
GL-0001233,BAT-202509-LOGI_EU-02,2025-09-28,2025-09,LOGI_EU,Dynamics365,1200_BANK_EUR,Deutsche Bank Geschäftsguthaben,EUR,2660322.39,0.00,2660322.39,Cash Collections from Customers
GL-0001234,BAT-202509-LOGI_EU-02,2025-09-28,2025-09,LOGI_EU,Dynamics365,1400_FORDERUNGEN,Forderungen aus Lieferungen und Leistungen,EUR,0.00,2660322.39,-2660322.39,AR Settlement from Collections
GL-0001235,BAT-202509-LOGI_EU-03,2025-09-28,2025-09,LOGI_EU,Dynamics365,5400_WARENEINSATZ,Aufwendungen für Frachten & Treibstoff,EUR,1344162.89,0.00,1344162.89,Direct Cost of Goods & Services Delivered
GL-0001236,BAT-202509-LOGI_EU-03,2025-09-28,2025-09,LOGI_EU,Dynamics365,3300_VERBINDLICHKEITEN,Verbindlichkeiten aus Lieferungen,EUR,0.00,1344162.89,-1344162.89,Vendor Invoices Received
GL-0001237,BAT-202509-LOGI_EU-04,2025-09-28,2025-09,LOGI_EU,Dynamics365,3300_VERBINDLICHKEITEN,Verbindlichkeiten aus Lieferungen,EUR,1209746.60,0.00,1209746.60,Vendor AP Disbursed
GL-0001238,BAT-202509-LOGI_EU-04,2025-09-28,2025-09,LOGI_EU,Dynamics365,1200_BANK_EUR,Deutsche Bank Geschäftsguthaben,EUR,0.00,1209746.60,-1209746.60,Operating Cash Disbursed for Direct COGS
GL-0001239,BAT-202509-LOGI_EU-05,2025-09-28,2025-09,LOGI_EU,Dynamics365,6200_PERSONALAUFWAND,Personalaufwand und allgemeine Verwaltung,EUR,677300.00,0.00,677300.00,"SG&A Payroll, Overhead & Admin Expenses"
GL-0001240,BAT-202509-LOGI_EU-05,2025-09-28,2025-09,LOGI_EU,Dynamics365,1200_BANK_EUR,Deutsche Bank Geschäftsguthaben,EUR,0.00,677300.00,-677300.00,Cash Disbursement for SG&A
GL-0001241,BAT-202509-LOGI_EU-06,2025-09-28,2025-09,LOGI_EU,Dynamics365,6500_ABSCHREIBUNGEN,Abschreibungen auf Fuhrpark und Logistik,EUR,90000.00,0.00,90000.00,Monthly Depreciation & Amortization
GL-0001242,BAT-202509-LOGI_EU-06,2025-09-28,2025-09,LOGI_EU,Dynamics365,2000_EIGENKAPITAL,Gezeichnetes Kapital und Rücklagen,EUR,0.00,90000.00,-90000.00,Accumulated Depreciation / Reserve Allocation
GL-0001243,BAT-202509-LOGI_EU-07,2025-09-28,2025-09,LOGI_EU,Dynamics365,7300_ZINSAUFWAND,Zinsaufwendungen für Darlehen,EUR,145000.00,0.00,145000.00,Senior Facility Monthly Interest Charge
GL-0001244,BAT-202509-LOGI_EU-07,2025-09-28,2025-09,LOGI_EU,Dynamics365,0630_ANLEIHEN,Langfristige Bankverbindlichkeiten,EUR,250000.00,0.00,250000.00,Senior Debt Principal Amortization
GL-0001245,BAT-202509-LOGI_EU-07,2025-09-28,2025-09,LOGI_EU,Dynamics365,1200_BANK_EUR,Deutsche Bank Geschäftsguthaben,EUR,0.00,395000.00,-395000.00,Cash Wire for Scheduled Debt Service
GL-0001246,BAT-202509-RETAIL_US-01,2025-09-28,2025-09,RETAIL_US,QuickBooks,120_Accounts_Receivable,Trade Accounts Receivable Control,USD,1269039.78,0.00,1269039.78,Commercial Invoicing & Billing
GL-0001247,BAT-202509-RETAIL_US-01,2025-09-28,2025-09,RETAIL_US,QuickBooks,401_Merch_Sales,Omnichannel Merchandise Sales,USD,0.00,1269039.78,-1269039.78,Core Operating Revenue Earned
GL-0001248,BAT-202509-RETAIL_US-02,2025-09-28,2025-09,RETAIL_US,QuickBooks,101_Operating_Checking,Chase Commercial Operating Account,USD,1205587.79,0.00,1205587.79,Cash Collections from Customers
GL-0001249,BAT-202509-RETAIL_US-02,2025-09-28,2025-09,RETAIL_US,QuickBooks,120_Accounts_Receivable,Trade Accounts Receivable Control,USD,0.00,1205587.79,-1205587.79,AR Settlement from Collections
GL-0001250,BAT-202509-RETAIL_US-03,2025-09-28,2025-09,RETAIL_US,QuickBooks,501_Cost_Goods_Sold,Cost of Goods Sold & Direct Freight,USD,558377.50,0.00,558377.50,Direct Cost of Goods & Services Delivered
GL-0001251,BAT-202509-RETAIL_US-03,2025-09-28,2025-09,RETAIL_US,QuickBooks,201_Accounts_Payable,Vendor Accounts Payable Control,USD,0.00,558377.50,-558377.50,Vendor Invoices Received
GL-0001252,BAT-202509-RETAIL_US-04,2025-09-28,2025-09,RETAIL_US,QuickBooks,201_Accounts_Payable,Vendor Accounts Payable Control,USD,502539.75,0.00,502539.75,Vendor AP Disbursed
GL-0001253,BAT-202509-RETAIL_US-04,2025-09-28,2025-09,RETAIL_US,QuickBooks,101_Operating_Checking,Chase Commercial Operating Account,USD,0.00,502539.75,-502539.75,Operating Cash Disbursed for Direct COGS
GL-0001254,BAT-202509-RETAIL_US-05,2025-09-28,2025-09,RETAIL_US,QuickBooks,601_Payroll_SG&A,"Store Payroll, Marketing, & Rent",USD,350112.00,0.00,350112.00,"SG&A Payroll, Overhead & Admin Expenses"
GL-0001255,BAT-202509-RETAIL_US-05,2025-09-28,2025-09,RETAIL_US,QuickBooks,101_Operating_Checking,Chase Commercial Operating Account,USD,0.00,350112.00,-350112.00,Cash Disbursement for SG&A
GL-0001256,BAT-202509-RETAIL_US-06,2025-09-28,2025-09,RETAIL_US,QuickBooks,680_Depreciation,Depreciation on Store Fixtures,USD,45000.00,0.00,45000.00,Monthly Depreciation & Amortization
GL-0001257,BAT-202509-RETAIL_US-06,2025-09-28,2025-09,RETAIL_US,QuickBooks,301_Owners_Equity,Shareholder Equity & Retained Earnings,USD,0.00,45000.00,-45000.00,Accumulated Depreciation / Reserve Allocation
GL-0001258,BAT-202509-RETAIL_US-07,2025-09-28,2025-09,RETAIL_US,QuickBooks,701_Interest_Expense,Revolver & Term Interest Expense,USD,86666.67,0.00,86666.67,Senior Facility Monthly Interest Charge
GL-0001259,BAT-202509-RETAIL_US-07,2025-09-28,2025-09,RETAIL_US,QuickBooks,270_Note_Payable,Asset-Based Term Loan Principal,USD,100000.00,0.00,100000.00,Senior Debt Principal Amortization
GL-0001260,BAT-202509-RETAIL_US-07,2025-09-28,2025-09,RETAIL_US,QuickBooks,101_Operating_Checking,Chase Commercial Operating Account,USD,0.00,186666.67,-186666.67,Cash Wire for Scheduled Debt Service
GL-0001261,BAT-202510-DURA_US-01,2025-10-28,2025-10,DURA_US,SAP,GL_AR_110010,Trade Accounts Receivable Commercial,USD,3633477.32,0.00,3633477.32,Commercial Invoicing & Billing
GL-0001262,BAT-202510-DURA_US-01,2025-10-28,2025-10,DURA_US,SAP,GL_REV_400010,Gross Revenue Industrial Sales,USD,0.00,3633477.32,-3633477.32,Core Operating Revenue Earned
GL-0001263,BAT-202510-DURA_US-02,2025-10-28,2025-10,DURA_US,SAP,GL_CASH_100010,JPMorgan Treasury Operating Checking,USD,3451803.45,0.00,3451803.45,Cash Collections from Customers
GL-0001264,BAT-202510-DURA_US-02,2025-10-28,2025-10,DURA_US,SAP,GL_AR_110010,Trade Accounts Receivable Commercial,USD,0.00,3451803.45,-3451803.45,AR Settlement from Collections
GL-0001265,BAT-202510-DURA_US-03,2025-10-28,2025-10,DURA_US,SAP,GL_COGS_500010,Direct Manufacturing Material & Labor,USD,1671399.57,0.00,1671399.57,Direct Cost of Goods & Services Delivered
GL-0001266,BAT-202510-DURA_US-03,2025-10-28,2025-10,DURA_US,SAP,GL_AP_200010,Trade Accounts Payable Vendors,USD,0.00,1671399.57,-1671399.57,Vendor Invoices Received
GL-0001267,BAT-202510-DURA_US-04,2025-10-28,2025-10,DURA_US,SAP,GL_AP_200010,Trade Accounts Payable Vendors,USD,1504259.61,0.00,1504259.61,Vendor AP Disbursed
GL-0001268,BAT-202510-DURA_US-04,2025-10-28,2025-10,DURA_US,SAP,GL_CASH_100010,JPMorgan Treasury Operating Checking,USD,0.00,1504259.61,-1504259.61,Operating Cash Disbursed for Direct COGS
GL-0001269,BAT-202510-DURA_US-05,2025-10-28,2025-10,DURA_US,SAP,GL_OPEX_600010,SG&A Operating Overhead & Payroll,USD,840420.00,0.00,840420.00,"SG&A Payroll, Overhead & Admin Expenses"
GL-0001270,BAT-202510-DURA_US-05,2025-10-28,2025-10,DURA_US,SAP,GL_CASH_100010,JPMorgan Treasury Operating Checking,USD,0.00,840420.00,-840420.00,Cash Disbursement for SG&A
GL-0001271,BAT-202510-DURA_US-06,2025-10-28,2025-10,DURA_US,SAP,GL_DA_700010,Plant & Machinery Depreciation,USD,120000.00,0.00,120000.00,Monthly Depreciation & Amortization
GL-0001272,BAT-202510-DURA_US-06,2025-10-28,2025-10,DURA_US,SAP,GL_EQ_300010,Retained Earnings & Contributed Surplus,USD,0.00,120000.00,-120000.00,Accumulated Depreciation / Reserve Allocation
GL-0001273,BAT-202510-DURA_US-07,2025-10-28,2025-10,DURA_US,SAP,GL_INT_800010,Senior Facility Interest Expense,USD,260000.00,0.00,260000.00,Senior Facility Monthly Interest Charge
GL-0001274,BAT-202510-DURA_US-07,2025-10-28,2025-10,DURA_US,SAP,GL_DEBT_250010,Senior Secured Term Loan Principal,USD,400000.00,0.00,400000.00,Senior Debt Principal Amortization
GL-0001275,BAT-202510-DURA_US-07,2025-10-28,2025-10,DURA_US,SAP,GL_CASH_100010,JPMorgan Treasury Operating Checking,USD,0.00,660000.00,-660000.00,Cash Wire for Scheduled Debt Service
GL-0001276,BAT-202510-MED_UK-01,2025-10-28,2025-10,MED_UK,NetSuite,AR-CUSTOMERS,B2B Subscription Receivables Control,GBP,1865492.38,0.00,1865492.38,Commercial Invoicing & Billing
GL-0001277,BAT-202510-MED_UK-01,2025-10-28,2025-10,MED_UK,NetSuite,REV-SUB-ARR,SaaS Subscription ARR Recurring Revenue,GBP,0.00,1865492.38,-1865492.38,Core Operating Revenue Earned
GL-0001278,BAT-202510-MED_UK-02,2025-10-28,2025-10,MED_UK,NetSuite,CASH-BARCLAYS-GBP,Barclays Commercial Operating Account,GBP,1772217.76,0.00,1772217.76,Cash Collections from Customers
GL-0001279,BAT-202510-MED_UK-02,2025-10-28,2025-10,MED_UK,NetSuite,AR-CUSTOMERS,B2B Subscription Receivables Control,GBP,0.00,1772217.76,-1772217.76,AR Settlement from Collections
GL-0001280,BAT-202510-MED_UK-03,2025-10-28,2025-10,MED_UK,NetSuite,COGS-HOST-AWS,AWS Hosting & Direct Infrastructure,GBP,596957.56,0.00,596957.56,Direct Cost of Goods & Services Delivered
GL-0001281,BAT-202510-MED_UK-03,2025-10-28,2025-10,MED_UK,NetSuite,AP-VENDORS,Trade Accounts Payable Vendor Ledger,GBP,0.00,596957.56,-596957.56,Vendor Invoices Received
GL-0001282,BAT-202510-MED_UK-04,2025-10-28,2025-10,MED_UK,NetSuite,AP-VENDORS,Trade Accounts Payable Vendor Ledger,GBP,537261.80,0.00,537261.80,Vendor AP Disbursed
GL-0001283,BAT-202510-MED_UK-04,2025-10-28,2025-10,MED_UK,NetSuite,CASH-BARCLAYS-GBP,Barclays Commercial Operating Account,GBP,0.00,537261.80,-537261.80,Operating Cash Disbursed for Direct COGS
GL-0001284,BAT-202510-MED_UK-05,2025-10-28,2025-10,MED_UK,NetSuite,OPEX-SALES-MKTG,"Sales, Marketing, R&D and Admin",GBP,657720.00,0.00,657720.00,"SG&A Payroll, Overhead & Admin Expenses"
GL-0001285,BAT-202510-MED_UK-05,2025-10-28,2025-10,MED_UK,NetSuite,CASH-BARCLAYS-GBP,Barclays Commercial Operating Account,GBP,0.00,657720.00,-657720.00,Cash Disbursement for SG&A
GL-0001286,BAT-202510-MED_UK-06,2025-10-28,2025-10,MED_UK,NetSuite,DA-SERVER-AMORT,Capitalized Software Amortization,GBP,75000.00,0.00,75000.00,Monthly Depreciation & Amortization
GL-0001287,BAT-202510-MED_UK-06,2025-10-28,2025-10,MED_UK,NetSuite,EQ-COMMON-CAP,Common Equity & Retained Earnings,GBP,0.00,75000.00,-75000.00,Accumulated Depreciation / Reserve Allocation
GL-0001288,BAT-202510-MED_UK-07,2025-10-28,2025-10,MED_UK,NetSuite,FIN-TERM-INT,Growth Debt Monthly Interest Charge,GBP,114941.67,0.00,114941.67,Senior Facility Monthly Interest Charge
GL-0001289,BAT-202510-MED_UK-07,2025-10-28,2025-10,MED_UK,NetSuite,DEBT-SENIOR-FAC,Syndicated Senior Debt Tranche,GBP,180000.00,0.00,180000.00,Senior Debt Principal Amortization
GL-0001290,BAT-202510-MED_UK-07,2025-10-28,2025-10,MED_UK,NetSuite,CASH-BARCLAYS-GBP,Barclays Commercial Operating Account,GBP,0.00,294941.67,-294941.67,Cash Wire for Scheduled Debt Service
GL-0001291,BAT-202510-LOGI_EU-01,2025-10-28,2025-10,LOGI_EU,Dynamics365,1400_FORDERUNGEN,Forderungen aus Lieferungen und Leistungen,EUR,2701103.51,0.00,2701103.51,Commercial Invoicing & Billing
GL-0001292,BAT-202510-LOGI_EU-01,2025-10-28,2025-10,LOGI_EU,Dynamics365,4400_ERLOESE,Erlöse aus Logistikdienstleistungen,EUR,0.00,2701103.51,-2701103.51,Core Operating Revenue Earned
GL-0001293,BAT-202510-LOGI_EU-02,2025-10-28,2025-10,LOGI_EU,Dynamics365,1200_BANK_EUR,Deutsche Bank Geschäftsguthaben,EUR,2566048.33,0.00,2566048.33,Cash Collections from Customers
GL-0001294,BAT-202510-LOGI_EU-02,2025-10-28,2025-10,LOGI_EU,Dynamics365,1400_FORDERUNGEN,Forderungen aus Lieferungen und Leistungen,EUR,0.00,2566048.33,-2566048.33,AR Settlement from Collections
GL-0001295,BAT-202510-LOGI_EU-03,2025-10-28,2025-10,LOGI_EU,Dynamics365,5400_WARENEINSATZ,Aufwendungen für Frachten & Treibstoff,EUR,1296529.68,0.00,1296529.68,Direct Cost of Goods & Services Delivered
GL-0001296,BAT-202510-LOGI_EU-03,2025-10-28,2025-10,LOGI_EU,Dynamics365,3300_VERBINDLICHKEITEN,Verbindlichkeiten aus Lieferungen,EUR,0.00,1296529.68,-1296529.68,Vendor Invoices Received
GL-0001297,BAT-202510-LOGI_EU-04,2025-10-28,2025-10,LOGI_EU,Dynamics365,3300_VERBINDLICHKEITEN,Verbindlichkeiten aus Lieferungen,EUR,1166876.71,0.00,1166876.71,Vendor AP Disbursed
GL-0001298,BAT-202510-LOGI_EU-04,2025-10-28,2025-10,LOGI_EU,Dynamics365,1200_BANK_EUR,Deutsche Bank Geschäftsguthaben,EUR,0.00,1166876.71,-1166876.71,Operating Cash Disbursed for Direct COGS
GL-0001299,BAT-202510-LOGI_EU-05,2025-10-28,2025-10,LOGI_EU,Dynamics365,6200_PERSONALAUFWAND,Personalaufwand und allgemeine Verwaltung,EUR,678600.00,0.00,678600.00,"SG&A Payroll, Overhead & Admin Expenses"
GL-0001300,BAT-202510-LOGI_EU-05,2025-10-28,2025-10,LOGI_EU,Dynamics365,1200_BANK_EUR,Deutsche Bank Geschäftsguthaben,EUR,0.00,678600.00,-678600.00,Cash Disbursement for SG&A
GL-0001301,BAT-202510-LOGI_EU-06,2025-10-28,2025-10,LOGI_EU,Dynamics365,6500_ABSCHREIBUNGEN,Abschreibungen auf Fuhrpark und Logistik,EUR,90000.00,0.00,90000.00,Monthly Depreciation & Amortization
GL-0001302,BAT-202510-LOGI_EU-06,2025-10-28,2025-10,LOGI_EU,Dynamics365,2000_EIGENKAPITAL,Gezeichnetes Kapital und Rücklagen,EUR,0.00,90000.00,-90000.00,Accumulated Depreciation / Reserve Allocation
GL-0001303,BAT-202510-LOGI_EU-07,2025-10-28,2025-10,LOGI_EU,Dynamics365,7300_ZINSAUFWAND,Zinsaufwendungen für Darlehen,EUR,143791.67,0.00,143791.67,Senior Facility Monthly Interest Charge
GL-0001304,BAT-202510-LOGI_EU-07,2025-10-28,2025-10,LOGI_EU,Dynamics365,0630_ANLEIHEN,Langfristige Bankverbindlichkeiten,EUR,250000.00,0.00,250000.00,Senior Debt Principal Amortization
GL-0001305,BAT-202510-LOGI_EU-07,2025-10-28,2025-10,LOGI_EU,Dynamics365,1200_BANK_EUR,Deutsche Bank Geschäftsguthaben,EUR,0.00,393791.67,-393791.67,Cash Wire for Scheduled Debt Service
GL-0001306,BAT-202510-RETAIL_US-01,2025-10-28,2025-10,RETAIL_US,QuickBooks,120_Accounts_Receivable,Trade Accounts Receivable Control,USD,1271517.41,0.00,1271517.41,Commercial Invoicing & Billing
GL-0001307,BAT-202510-RETAIL_US-01,2025-10-28,2025-10,RETAIL_US,QuickBooks,401_Merch_Sales,Omnichannel Merchandise Sales,USD,0.00,1271517.41,-1271517.41,Core Operating Revenue Earned
GL-0001308,BAT-202510-RETAIL_US-02,2025-10-28,2025-10,RETAIL_US,QuickBooks,101_Operating_Checking,Chase Commercial Operating Account,USD,1207941.54,0.00,1207941.54,Cash Collections from Customers
GL-0001309,BAT-202510-RETAIL_US-02,2025-10-28,2025-10,RETAIL_US,QuickBooks,120_Accounts_Receivable,Trade Accounts Receivable Control,USD,0.00,1207941.54,-1207941.54,AR Settlement from Collections
GL-0001310,BAT-202510-RETAIL_US-03,2025-10-28,2025-10,RETAIL_US,QuickBooks,501_Cost_Goods_Sold,Cost of Goods Sold & Direct Freight,USD,559467.66,0.00,559467.66,Direct Cost of Goods & Services Delivered
GL-0001311,BAT-202510-RETAIL_US-03,2025-10-28,2025-10,RETAIL_US,QuickBooks,201_Accounts_Payable,Vendor Accounts Payable Control,USD,0.00,559467.66,-559467.66,Vendor Invoices Received
GL-0001312,BAT-202510-RETAIL_US-04,2025-10-28,2025-10,RETAIL_US,QuickBooks,201_Accounts_Payable,Vendor Accounts Payable Control,USD,503520.89,0.00,503520.89,Vendor AP Disbursed
GL-0001313,BAT-202510-RETAIL_US-04,2025-10-28,2025-10,RETAIL_US,QuickBooks,101_Operating_Checking,Chase Commercial Operating Account,USD,0.00,503520.89,-503520.89,Operating Cash Disbursed for Direct COGS
GL-0001314,BAT-202510-RETAIL_US-05,2025-10-28,2025-10,RETAIL_US,QuickBooks,601_Payroll_SG&A,"Store Payroll, Marketing, & Rent",USD,350784.00,0.00,350784.00,"SG&A Payroll, Overhead & Admin Expenses"
GL-0001315,BAT-202510-RETAIL_US-05,2025-10-28,2025-10,RETAIL_US,QuickBooks,101_Operating_Checking,Chase Commercial Operating Account,USD,0.00,350784.00,-350784.00,Cash Disbursement for SG&A
GL-0001316,BAT-202510-RETAIL_US-06,2025-10-28,2025-10,RETAIL_US,QuickBooks,680_Depreciation,Depreciation on Store Fixtures,USD,45000.00,0.00,45000.00,Monthly Depreciation & Amortization
GL-0001317,BAT-202510-RETAIL_US-06,2025-10-28,2025-10,RETAIL_US,QuickBooks,301_Owners_Equity,Shareholder Equity & Retained Earnings,USD,0.00,45000.00,-45000.00,Accumulated Depreciation / Reserve Allocation
GL-0001318,BAT-202510-RETAIL_US-07,2025-10-28,2025-10,RETAIL_US,QuickBooks,701_Interest_Expense,Revolver & Term Interest Expense,USD,86000.00,0.00,86000.00,Senior Facility Monthly Interest Charge
GL-0001319,BAT-202510-RETAIL_US-07,2025-10-28,2025-10,RETAIL_US,QuickBooks,270_Note_Payable,Asset-Based Term Loan Principal,USD,100000.00,0.00,100000.00,Senior Debt Principal Amortization
GL-0001320,BAT-202510-RETAIL_US-07,2025-10-28,2025-10,RETAIL_US,QuickBooks,101_Operating_Checking,Chase Commercial Operating Account,USD,0.00,186000.00,-186000.00,Cash Wire for Scheduled Debt Service
GL-0001321,BAT-202511-DURA_US-01,2025-11-28,2025-11,DURA_US,SAP,GL_AR_110010,Trade Accounts Receivable Commercial,USD,3774407.90,0.00,3774407.90,Commercial Invoicing & Billing
GL-0001322,BAT-202511-DURA_US-01,2025-11-28,2025-11,DURA_US,SAP,GL_REV_400010,Gross Revenue Industrial Sales,USD,0.00,3774407.90,-3774407.90,Core Operating Revenue Earned
GL-0001323,BAT-202511-DURA_US-02,2025-11-28,2025-11,DURA_US,SAP,GL_CASH_100010,JPMorgan Treasury Operating Checking,USD,3585687.50,0.00,3585687.50,Cash Collections from Customers
GL-0001324,BAT-202511-DURA_US-02,2025-11-28,2025-11,DURA_US,SAP,GL_AR_110010,Trade Accounts Receivable Commercial,USD,0.00,3585687.50,-3585687.50,AR Settlement from Collections
GL-0001325,BAT-202511-DURA_US-03,2025-11-28,2025-11,DURA_US,SAP,GL_COGS_500010,Direct Manufacturing Material & Labor,USD,1736227.64,0.00,1736227.64,Direct Cost of Goods & Services Delivered
GL-0001326,BAT-202511-DURA_US-03,2025-11-28,2025-11,DURA_US,SAP,GL_AP_200010,Trade Accounts Payable Vendors,USD,0.00,1736227.64,-1736227.64,Vendor Invoices Received
GL-0001327,BAT-202511-DURA_US-04,2025-11-28,2025-11,DURA_US,SAP,GL_AP_200010,Trade Accounts Payable Vendors,USD,1562604.88,0.00,1562604.88,Vendor AP Disbursed
GL-0001328,BAT-202511-DURA_US-04,2025-11-28,2025-11,DURA_US,SAP,GL_CASH_100010,JPMorgan Treasury Operating Checking,USD,0.00,1562604.88,-1562604.88,Operating Cash Disbursed for Direct COGS
GL-0001329,BAT-202511-DURA_US-05,2025-11-28,2025-11,DURA_US,SAP,GL_OPEX_600010,SG&A Operating Overhead & Payroll,USD,842030.00,0.00,842030.00,"SG&A Payroll, Overhead & Admin Expenses"
GL-0001330,BAT-202511-DURA_US-05,2025-11-28,2025-11,DURA_US,SAP,GL_CASH_100010,JPMorgan Treasury Operating Checking,USD,0.00,842030.00,-842030.00,Cash Disbursement for SG&A
GL-0001331,BAT-202511-DURA_US-06,2025-11-28,2025-11,DURA_US,SAP,GL_DA_700010,Plant & Machinery Depreciation,USD,120000.00,0.00,120000.00,Monthly Depreciation & Amortization
GL-0001332,BAT-202511-DURA_US-06,2025-11-28,2025-11,DURA_US,SAP,GL_EQ_300010,Retained Earnings & Contributed Surplus,USD,0.00,120000.00,-120000.00,Accumulated Depreciation / Reserve Allocation
GL-0001333,BAT-202511-DURA_US-07,2025-11-28,2025-11,DURA_US,SAP,GL_INT_800010,Senior Facility Interest Expense,USD,257500.00,0.00,257500.00,Senior Facility Monthly Interest Charge
GL-0001334,BAT-202511-DURA_US-07,2025-11-28,2025-11,DURA_US,SAP,GL_DEBT_250010,Senior Secured Term Loan Principal,USD,400000.00,0.00,400000.00,Senior Debt Principal Amortization
GL-0001335,BAT-202511-DURA_US-07,2025-11-28,2025-11,DURA_US,SAP,GL_CASH_100010,JPMorgan Treasury Operating Checking,USD,0.00,657500.00,-657500.00,Cash Wire for Scheduled Debt Service
GL-0001336,BAT-202511-MED_UK-01,2025-11-28,2025-11,MED_UK,NetSuite,AR-CUSTOMERS,B2B Subscription Receivables Control,GBP,1914489.87,0.00,1914489.87,Commercial Invoicing & Billing
GL-0001337,BAT-202511-MED_UK-01,2025-11-28,2025-11,MED_UK,NetSuite,REV-SUB-ARR,SaaS Subscription ARR Recurring Revenue,GBP,0.00,1914489.87,-1914489.87,Core Operating Revenue Earned
GL-0001338,BAT-202511-MED_UK-02,2025-11-28,2025-11,MED_UK,NetSuite,CASH-BARCLAYS-GBP,Barclays Commercial Operating Account,GBP,1818765.38,0.00,1818765.38,Cash Collections from Customers
GL-0001339,BAT-202511-MED_UK-02,2025-11-28,2025-11,MED_UK,NetSuite,AR-CUSTOMERS,B2B Subscription Receivables Control,GBP,0.00,1818765.38,-1818765.38,AR Settlement from Collections
GL-0001340,BAT-202511-MED_UK-03,2025-11-28,2025-11,MED_UK,NetSuite,COGS-HOST-AWS,AWS Hosting & Direct Infrastructure,GBP,612636.76,0.00,612636.76,Direct Cost of Goods & Services Delivered
GL-0001341,BAT-202511-MED_UK-03,2025-11-28,2025-11,MED_UK,NetSuite,AP-VENDORS,Trade Accounts Payable Vendor Ledger,GBP,0.00,612636.76,-612636.76,Vendor Invoices Received
GL-0001342,BAT-202511-MED_UK-04,2025-11-28,2025-11,MED_UK,NetSuite,AP-VENDORS,Trade Accounts Payable Vendor Ledger,GBP,551373.08,0.00,551373.08,Vendor AP Disbursed
GL-0001343,BAT-202511-MED_UK-04,2025-11-28,2025-11,MED_UK,NetSuite,CASH-BARCLAYS-GBP,Barclays Commercial Operating Account,GBP,0.00,551373.08,-551373.08,Operating Cash Disbursed for Direct COGS
GL-0001344,BAT-202511-MED_UK-05,2025-11-28,2025-11,MED_UK,NetSuite,OPEX-SALES-MKTG,"Sales, Marketing, R&D and Admin",GBP,658980.00,0.00,658980.00,"SG&A Payroll, Overhead & Admin Expenses"
GL-0001345,BAT-202511-MED_UK-05,2025-11-28,2025-11,MED_UK,NetSuite,CASH-BARCLAYS-GBP,Barclays Commercial Operating Account,GBP,0.00,658980.00,-658980.00,Cash Disbursement for SG&A
GL-0001346,BAT-202511-MED_UK-06,2025-11-28,2025-11,MED_UK,NetSuite,DA-SERVER-AMORT,Capitalized Software Amortization,GBP,75000.00,0.00,75000.00,Monthly Depreciation & Amortization
GL-0001347,BAT-202511-MED_UK-06,2025-11-28,2025-11,MED_UK,NetSuite,EQ-COMMON-CAP,Common Equity & Retained Earnings,GBP,0.00,75000.00,-75000.00,Accumulated Depreciation / Reserve Allocation
GL-0001348,BAT-202511-MED_UK-07,2025-11-28,2025-11,MED_UK,NetSuite,FIN-TERM-INT,Growth Debt Monthly Interest Charge,GBP,113966.67,0.00,113966.67,Senior Facility Monthly Interest Charge
GL-0001349,BAT-202511-MED_UK-07,2025-11-28,2025-11,MED_UK,NetSuite,DEBT-SENIOR-FAC,Syndicated Senior Debt Tranche,GBP,180000.00,0.00,180000.00,Senior Debt Principal Amortization
GL-0001350,BAT-202511-MED_UK-07,2025-11-28,2025-11,MED_UK,NetSuite,CASH-BARCLAYS-GBP,Barclays Commercial Operating Account,GBP,0.00,293966.67,-293966.67,Cash Wire for Scheduled Debt Service
GL-0001351,BAT-202511-LOGI_EU-01,2025-11-28,2025-11,LOGI_EU,Dynamics365,1400_FORDERUNGEN,Forderungen aus Lieferungen und Leistungen,EUR,2728076.50,0.00,2728076.50,Commercial Invoicing & Billing
GL-0001352,BAT-202511-LOGI_EU-01,2025-11-28,2025-11,LOGI_EU,Dynamics365,4400_ERLOESE,Erlöse aus Logistikdienstleistungen,EUR,0.00,2728076.50,-2728076.50,Core Operating Revenue Earned
GL-0001353,BAT-202511-LOGI_EU-02,2025-11-28,2025-11,LOGI_EU,Dynamics365,1200_BANK_EUR,Deutsche Bank Geschäftsguthaben,EUR,2591672.67,0.00,2591672.67,Cash Collections from Customers
GL-0001354,BAT-202511-LOGI_EU-02,2025-11-28,2025-11,LOGI_EU,Dynamics365,1400_FORDERUNGEN,Forderungen aus Lieferungen und Leistungen,EUR,0.00,2591672.67,-2591672.67,AR Settlement from Collections
GL-0001355,BAT-202511-LOGI_EU-03,2025-11-28,2025-11,LOGI_EU,Dynamics365,5400_WARENEINSATZ,Aufwendungen für Frachten & Treibstoff,EUR,1309476.72,0.00,1309476.72,Direct Cost of Goods & Services Delivered
GL-0001356,BAT-202511-LOGI_EU-03,2025-11-28,2025-11,LOGI_EU,Dynamics365,3300_VERBINDLICHKEITEN,Verbindlichkeiten aus Lieferungen,EUR,0.00,1309476.72,-1309476.72,Vendor Invoices Received
GL-0001357,BAT-202511-LOGI_EU-04,2025-11-28,2025-11,LOGI_EU,Dynamics365,3300_VERBINDLICHKEITEN,Verbindlichkeiten aus Lieferungen,EUR,1178529.05,0.00,1178529.05,Vendor AP Disbursed
GL-0001358,BAT-202511-LOGI_EU-04,2025-11-28,2025-11,LOGI_EU,Dynamics365,1200_BANK_EUR,Deutsche Bank Geschäftsguthaben,EUR,0.00,1178529.05,-1178529.05,Operating Cash Disbursed for Direct COGS
GL-0001359,BAT-202511-LOGI_EU-05,2025-11-28,2025-11,LOGI_EU,Dynamics365,6200_PERSONALAUFWAND,Personalaufwand und allgemeine Verwaltung,EUR,679900.00,0.00,679900.00,"SG&A Payroll, Overhead & Admin Expenses"
GL-0001360,BAT-202511-LOGI_EU-05,2025-11-28,2025-11,LOGI_EU,Dynamics365,1200_BANK_EUR,Deutsche Bank Geschäftsguthaben,EUR,0.00,679900.00,-679900.00,Cash Disbursement for SG&A
GL-0001361,BAT-202511-LOGI_EU-06,2025-11-28,2025-11,LOGI_EU,Dynamics365,6500_ABSCHREIBUNGEN,Abschreibungen auf Fuhrpark und Logistik,EUR,90000.00,0.00,90000.00,Monthly Depreciation & Amortization
GL-0001362,BAT-202511-LOGI_EU-06,2025-11-28,2025-11,LOGI_EU,Dynamics365,2000_EIGENKAPITAL,Gezeichnetes Kapital und Rücklagen,EUR,0.00,90000.00,-90000.00,Accumulated Depreciation / Reserve Allocation
GL-0001363,BAT-202511-LOGI_EU-07,2025-11-28,2025-11,LOGI_EU,Dynamics365,7300_ZINSAUFWAND,Zinsaufwendungen für Darlehen,EUR,142583.33,0.00,142583.33,Senior Facility Monthly Interest Charge
GL-0001364,BAT-202511-LOGI_EU-07,2025-11-28,2025-11,LOGI_EU,Dynamics365,0630_ANLEIHEN,Langfristige Bankverbindlichkeiten,EUR,250000.00,0.00,250000.00,Senior Debt Principal Amortization
GL-0001365,BAT-202511-LOGI_EU-07,2025-11-28,2025-11,LOGI_EU,Dynamics365,1200_BANK_EUR,Deutsche Bank Geschäftsguthaben,EUR,0.00,392583.33,-392583.33,Cash Wire for Scheduled Debt Service
GL-0001366,BAT-202511-RETAIL_US-01,2025-11-28,2025-11,RETAIL_US,QuickBooks,120_Accounts_Receivable,Trade Accounts Receivable Control,USD,1274380.63,0.00,1274380.63,Commercial Invoicing & Billing
GL-0001367,BAT-202511-RETAIL_US-01,2025-11-28,2025-11,RETAIL_US,QuickBooks,401_Merch_Sales,Omnichannel Merchandise Sales,USD,0.00,1274380.63,-1274380.63,Core Operating Revenue Earned
GL-0001368,BAT-202511-RETAIL_US-02,2025-11-28,2025-11,RETAIL_US,QuickBooks,101_Operating_Checking,Chase Commercial Operating Account,USD,1210661.60,0.00,1210661.60,Cash Collections from Customers
GL-0001369,BAT-202511-RETAIL_US-02,2025-11-28,2025-11,RETAIL_US,QuickBooks,120_Accounts_Receivable,Trade Accounts Receivable Control,USD,0.00,1210661.60,-1210661.60,AR Settlement from Collections
GL-0001370,BAT-202511-RETAIL_US-03,2025-11-28,2025-11,RETAIL_US,QuickBooks,501_Cost_Goods_Sold,Cost of Goods Sold & Direct Freight,USD,560727.48,0.00,560727.48,Direct Cost of Goods & Services Delivered
GL-0001371,BAT-202511-RETAIL_US-03,2025-11-28,2025-11,RETAIL_US,QuickBooks,201_Accounts_Payable,Vendor Accounts Payable Control,USD,0.00,560727.48,-560727.48,Vendor Invoices Received
GL-0001372,BAT-202511-RETAIL_US-04,2025-11-28,2025-11,RETAIL_US,QuickBooks,201_Accounts_Payable,Vendor Accounts Payable Control,USD,504654.73,0.00,504654.73,Vendor AP Disbursed
GL-0001373,BAT-202511-RETAIL_US-04,2025-11-28,2025-11,RETAIL_US,QuickBooks,101_Operating_Checking,Chase Commercial Operating Account,USD,0.00,504654.73,-504654.73,Operating Cash Disbursed for Direct COGS
GL-0001374,BAT-202511-RETAIL_US-05,2025-11-28,2025-11,RETAIL_US,QuickBooks,601_Payroll_SG&A,"Store Payroll, Marketing, & Rent",USD,351456.00,0.00,351456.00,"SG&A Payroll, Overhead & Admin Expenses"
GL-0001375,BAT-202511-RETAIL_US-05,2025-11-28,2025-11,RETAIL_US,QuickBooks,101_Operating_Checking,Chase Commercial Operating Account,USD,0.00,351456.00,-351456.00,Cash Disbursement for SG&A
GL-0001376,BAT-202511-RETAIL_US-06,2025-11-28,2025-11,RETAIL_US,QuickBooks,680_Depreciation,Depreciation on Store Fixtures,USD,45000.00,0.00,45000.00,Monthly Depreciation & Amortization
GL-0001377,BAT-202511-RETAIL_US-06,2025-11-28,2025-11,RETAIL_US,QuickBooks,301_Owners_Equity,Shareholder Equity & Retained Earnings,USD,0.00,45000.00,-45000.00,Accumulated Depreciation / Reserve Allocation
GL-0001378,BAT-202511-RETAIL_US-07,2025-11-28,2025-11,RETAIL_US,QuickBooks,701_Interest_Expense,Revolver & Term Interest Expense,USD,85333.33,0.00,85333.33,Senior Facility Monthly Interest Charge
GL-0001379,BAT-202511-RETAIL_US-07,2025-11-28,2025-11,RETAIL_US,QuickBooks,270_Note_Payable,Asset-Based Term Loan Principal,USD,100000.00,0.00,100000.00,Senior Debt Principal Amortization
GL-0001380,BAT-202511-RETAIL_US-07,2025-11-28,2025-11,RETAIL_US,QuickBooks,101_Operating_Checking,Chase Commercial Operating Account,USD,0.00,185333.33,-185333.33,Cash Wire for Scheduled Debt Service
GL-0001381,BAT-202512-DURA_US-01,2025-12-28,2025-12,DURA_US,SAP,GL_AR_110010,Trade Accounts Receivable Commercial,USD,3891456.99,0.00,3891456.99,Commercial Invoicing & Billing
GL-0001382,BAT-202512-DURA_US-01,2025-12-28,2025-12,DURA_US,SAP,GL_REV_400010,Gross Revenue Industrial Sales,USD,0.00,3891456.99,-3891456.99,Core Operating Revenue Earned
GL-0001383,BAT-202512-DURA_US-02,2025-12-28,2025-12,DURA_US,SAP,GL_CASH_100010,JPMorgan Treasury Operating Checking,USD,3696884.14,0.00,3696884.14,Cash Collections from Customers
GL-0001384,BAT-202512-DURA_US-02,2025-12-28,2025-12,DURA_US,SAP,GL_AR_110010,Trade Accounts Receivable Commercial,USD,0.00,3696884.14,-3696884.14,AR Settlement from Collections
GL-0001385,BAT-202512-DURA_US-03,2025-12-28,2025-12,DURA_US,SAP,GL_COGS_500010,Direct Manufacturing Material & Labor,USD,1790070.22,0.00,1790070.22,Direct Cost of Goods & Services Delivered
GL-0001386,BAT-202512-DURA_US-03,2025-12-28,2025-12,DURA_US,SAP,GL_AP_200010,Trade Accounts Payable Vendors,USD,0.00,1790070.22,-1790070.22,Vendor Invoices Received
GL-0001387,BAT-202512-DURA_US-04,2025-12-28,2025-12,DURA_US,SAP,GL_AP_200010,Trade Accounts Payable Vendors,USD,1611063.20,0.00,1611063.20,Vendor AP Disbursed
GL-0001388,BAT-202512-DURA_US-04,2025-12-28,2025-12,DURA_US,SAP,GL_CASH_100010,JPMorgan Treasury Operating Checking,USD,0.00,1611063.20,-1611063.20,Operating Cash Disbursed for Direct COGS
GL-0001389,BAT-202512-DURA_US-05,2025-12-28,2025-12,DURA_US,SAP,GL_OPEX_600010,SG&A Operating Overhead & Payroll,USD,843640.00,0.00,843640.00,"SG&A Payroll, Overhead & Admin Expenses"
GL-0001390,BAT-202512-DURA_US-05,2025-12-28,2025-12,DURA_US,SAP,GL_CASH_100010,JPMorgan Treasury Operating Checking,USD,0.00,843640.00,-843640.00,Cash Disbursement for SG&A
GL-0001391,BAT-202512-DURA_US-06,2025-12-28,2025-12,DURA_US,SAP,GL_DA_700010,Plant & Machinery Depreciation,USD,120000.00,0.00,120000.00,Monthly Depreciation & Amortization
GL-0001392,BAT-202512-DURA_US-06,2025-12-28,2025-12,DURA_US,SAP,GL_EQ_300010,Retained Earnings & Contributed Surplus,USD,0.00,120000.00,-120000.00,Accumulated Depreciation / Reserve Allocation
GL-0001393,BAT-202512-DURA_US-07,2025-12-28,2025-12,DURA_US,SAP,GL_INT_800010,Senior Facility Interest Expense,USD,255000.00,0.00,255000.00,Senior Facility Monthly Interest Charge
GL-0001394,BAT-202512-DURA_US-07,2025-12-28,2025-12,DURA_US,SAP,GL_DEBT_250010,Senior Secured Term Loan Principal,USD,400000.00,0.00,400000.00,Senior Debt Principal Amortization
GL-0001395,BAT-202512-DURA_US-07,2025-12-28,2025-12,DURA_US,SAP,GL_CASH_100010,JPMorgan Treasury Operating Checking,USD,0.00,655000.00,-655000.00,Cash Wire for Scheduled Debt Service
GL-0001396,BAT-202512-MED_UK-01,2025-12-28,2025-12,MED_UK,NetSuite,AR-CUSTOMERS,B2B Subscription Receivables Control,GBP,1967696.23,0.00,1967696.23,Commercial Invoicing & Billing
GL-0001397,BAT-202512-MED_UK-01,2025-12-28,2025-12,MED_UK,NetSuite,REV-SUB-ARR,SaaS Subscription ARR Recurring Revenue,GBP,0.00,1967696.23,-1967696.23,Core Operating Revenue Earned
GL-0001398,BAT-202512-MED_UK-02,2025-12-28,2025-12,MED_UK,NetSuite,CASH-BARCLAYS-GBP,Barclays Commercial Operating Account,GBP,1869311.42,0.00,1869311.42,Cash Collections from Customers
GL-0001399,BAT-202512-MED_UK-02,2025-12-28,2025-12,MED_UK,NetSuite,AR-CUSTOMERS,B2B Subscription Receivables Control,GBP,0.00,1869311.42,-1869311.42,AR Settlement from Collections
GL-0001400,BAT-202512-MED_UK-03,2025-12-28,2025-12,MED_UK,NetSuite,COGS-HOST-AWS,AWS Hosting & Direct Infrastructure,GBP,629662.79,0.00,629662.79,Direct Cost of Goods & Services Delivered
GL-0001401,BAT-202512-MED_UK-03,2025-12-28,2025-12,MED_UK,NetSuite,AP-VENDORS,Trade Accounts Payable Vendor Ledger,GBP,0.00,629662.79,-629662.79,Vendor Invoices Received
GL-0001402,BAT-202512-MED_UK-04,2025-12-28,2025-12,MED_UK,NetSuite,AP-VENDORS,Trade Accounts Payable Vendor Ledger,GBP,566696.51,0.00,566696.51,Vendor AP Disbursed
GL-0001403,BAT-202512-MED_UK-04,2025-12-28,2025-12,MED_UK,NetSuite,CASH-BARCLAYS-GBP,Barclays Commercial Operating Account,GBP,0.00,566696.51,-566696.51,Operating Cash Disbursed for Direct COGS
GL-0001404,BAT-202512-MED_UK-05,2025-12-28,2025-12,MED_UK,NetSuite,OPEX-SALES-MKTG,"Sales, Marketing, R&D and Admin",GBP,660240.00,0.00,660240.00,"SG&A Payroll, Overhead & Admin Expenses"
GL-0001405,BAT-202512-MED_UK-05,2025-12-28,2025-12,MED_UK,NetSuite,CASH-BARCLAYS-GBP,Barclays Commercial Operating Account,GBP,0.00,660240.00,-660240.00,Cash Disbursement for SG&A
GL-0001406,BAT-202512-MED_UK-06,2025-12-28,2025-12,MED_UK,NetSuite,DA-SERVER-AMORT,Capitalized Software Amortization,GBP,75000.00,0.00,75000.00,Monthly Depreciation & Amortization
GL-0001407,BAT-202512-MED_UK-06,2025-12-28,2025-12,MED_UK,NetSuite,EQ-COMMON-CAP,Common Equity & Retained Earnings,GBP,0.00,75000.00,-75000.00,Accumulated Depreciation / Reserve Allocation
GL-0001408,BAT-202512-MED_UK-07,2025-12-28,2025-12,MED_UK,NetSuite,FIN-TERM-INT,Growth Debt Monthly Interest Charge,GBP,112991.67,0.00,112991.67,Senior Facility Monthly Interest Charge
GL-0001409,BAT-202512-MED_UK-07,2025-12-28,2025-12,MED_UK,NetSuite,DEBT-SENIOR-FAC,Syndicated Senior Debt Tranche,GBP,180000.00,0.00,180000.00,Senior Debt Principal Amortization
GL-0001410,BAT-202512-MED_UK-07,2025-12-28,2025-12,MED_UK,NetSuite,CASH-BARCLAYS-GBP,Barclays Commercial Operating Account,GBP,0.00,292991.67,-292991.67,Cash Wire for Scheduled Debt Service
GL-0001411,BAT-202512-LOGI_EU-01,2025-12-28,2025-12,LOGI_EU,Dynamics365,1400_FORDERUNGEN,Forderungen aus Lieferungen und Leistungen,EUR,2888192.15,0.00,2888192.15,Commercial Invoicing & Billing
GL-0001412,BAT-202512-LOGI_EU-01,2025-12-28,2025-12,LOGI_EU,Dynamics365,4400_ERLOESE,Erlöse aus Logistikdienstleistungen,EUR,0.00,2888192.15,-2888192.15,Core Operating Revenue Earned
GL-0001413,BAT-202512-LOGI_EU-02,2025-12-28,2025-12,LOGI_EU,Dynamics365,1200_BANK_EUR,Deutsche Bank Geschäftsguthaben,EUR,2743782.54,0.00,2743782.54,Cash Collections from Customers
GL-0001414,BAT-202512-LOGI_EU-02,2025-12-28,2025-12,LOGI_EU,Dynamics365,1400_FORDERUNGEN,Forderungen aus Lieferungen und Leistungen,EUR,0.00,2743782.54,-2743782.54,AR Settlement from Collections
GL-0001415,BAT-202512-LOGI_EU-03,2025-12-28,2025-12,LOGI_EU,Dynamics365,5400_WARENEINSATZ,Aufwendungen für Frachten & Treibstoff,EUR,1386332.23,0.00,1386332.23,Direct Cost of Goods & Services Delivered
GL-0001416,BAT-202512-LOGI_EU-03,2025-12-28,2025-12,LOGI_EU,Dynamics365,3300_VERBINDLICHKEITEN,Verbindlichkeiten aus Lieferungen,EUR,0.00,1386332.23,-1386332.23,Vendor Invoices Received
GL-0001417,BAT-202512-LOGI_EU-04,2025-12-28,2025-12,LOGI_EU,Dynamics365,3300_VERBINDLICHKEITEN,Verbindlichkeiten aus Lieferungen,EUR,1247699.01,0.00,1247699.01,Vendor AP Disbursed
GL-0001418,BAT-202512-LOGI_EU-04,2025-12-28,2025-12,LOGI_EU,Dynamics365,1200_BANK_EUR,Deutsche Bank Geschäftsguthaben,EUR,0.00,1247699.01,-1247699.01,Operating Cash Disbursed for Direct COGS
GL-0001419,BAT-202512-LOGI_EU-05,2025-12-28,2025-12,LOGI_EU,Dynamics365,6200_PERSONALAUFWAND,Personalaufwand und allgemeine Verwaltung,EUR,681200.00,0.00,681200.00,"SG&A Payroll, Overhead & Admin Expenses"
GL-0001420,BAT-202512-LOGI_EU-05,2025-12-28,2025-12,LOGI_EU,Dynamics365,1200_BANK_EUR,Deutsche Bank Geschäftsguthaben,EUR,0.00,681200.00,-681200.00,Cash Disbursement for SG&A
GL-0001421,BAT-202512-LOGI_EU-06,2025-12-28,2025-12,LOGI_EU,Dynamics365,6500_ABSCHREIBUNGEN,Abschreibungen auf Fuhrpark und Logistik,EUR,90000.00,0.00,90000.00,Monthly Depreciation & Amortization
GL-0001422,BAT-202512-LOGI_EU-06,2025-12-28,2025-12,LOGI_EU,Dynamics365,2000_EIGENKAPITAL,Gezeichnetes Kapital und Rücklagen,EUR,0.00,90000.00,-90000.00,Accumulated Depreciation / Reserve Allocation
GL-0001423,BAT-202512-LOGI_EU-07,2025-12-28,2025-12,LOGI_EU,Dynamics365,7300_ZINSAUFWAND,Zinsaufwendungen für Darlehen,EUR,141375.00,0.00,141375.00,Senior Facility Monthly Interest Charge
GL-0001424,BAT-202512-LOGI_EU-07,2025-12-28,2025-12,LOGI_EU,Dynamics365,0630_ANLEIHEN,Langfristige Bankverbindlichkeiten,EUR,250000.00,0.00,250000.00,Senior Debt Principal Amortization
GL-0001425,BAT-202512-LOGI_EU-07,2025-12-28,2025-12,LOGI_EU,Dynamics365,1200_BANK_EUR,Deutsche Bank Geschäftsguthaben,EUR,0.00,391375.00,-391375.00,Cash Wire for Scheduled Debt Service
GL-0001426,BAT-202512-RETAIL_US-01,2025-12-28,2025-12,RETAIL_US,QuickBooks,120_Accounts_Receivable,Trade Accounts Receivable Control,USD,1327717.43,0.00,1327717.43,Commercial Invoicing & Billing
GL-0001427,BAT-202512-RETAIL_US-01,2025-12-28,2025-12,RETAIL_US,QuickBooks,401_Merch_Sales,Omnichannel Merchandise Sales,USD,0.00,1327717.43,-1327717.43,Core Operating Revenue Earned
GL-0001428,BAT-202512-RETAIL_US-02,2025-12-28,2025-12,RETAIL_US,QuickBooks,101_Operating_Checking,Chase Commercial Operating Account,USD,1261331.56,0.00,1261331.56,Cash Collections from Customers
GL-0001429,BAT-202512-RETAIL_US-02,2025-12-28,2025-12,RETAIL_US,QuickBooks,120_Accounts_Receivable,Trade Accounts Receivable Control,USD,0.00,1261331.56,-1261331.56,AR Settlement from Collections
GL-0001430,BAT-202512-RETAIL_US-03,2025-12-28,2025-12,RETAIL_US,QuickBooks,501_Cost_Goods_Sold,Cost of Goods Sold & Direct Freight,USD,584195.67,0.00,584195.67,Direct Cost of Goods & Services Delivered
GL-0001431,BAT-202512-RETAIL_US-03,2025-12-28,2025-12,RETAIL_US,QuickBooks,201_Accounts_Payable,Vendor Accounts Payable Control,USD,0.00,584195.67,-584195.67,Vendor Invoices Received
GL-0001432,BAT-202512-RETAIL_US-04,2025-12-28,2025-12,RETAIL_US,QuickBooks,201_Accounts_Payable,Vendor Accounts Payable Control,USD,525776.10,0.00,525776.10,Vendor AP Disbursed
GL-0001433,BAT-202512-RETAIL_US-04,2025-12-28,2025-12,RETAIL_US,QuickBooks,101_Operating_Checking,Chase Commercial Operating Account,USD,0.00,525776.10,-525776.10,Operating Cash Disbursed for Direct COGS
GL-0001434,BAT-202512-RETAIL_US-05,2025-12-28,2025-12,RETAIL_US,QuickBooks,601_Payroll_SG&A,"Store Payroll, Marketing, & Rent",USD,352128.00,0.00,352128.00,"SG&A Payroll, Overhead & Admin Expenses"
GL-0001435,BAT-202512-RETAIL_US-05,2025-12-28,2025-12,RETAIL_US,QuickBooks,101_Operating_Checking,Chase Commercial Operating Account,USD,0.00,352128.00,-352128.00,Cash Disbursement for SG&A
GL-0001436,BAT-202512-RETAIL_US-06,2025-12-28,2025-12,RETAIL_US,QuickBooks,680_Depreciation,Depreciation on Store Fixtures,USD,45000.00,0.00,45000.00,Monthly Depreciation & Amortization
GL-0001437,BAT-202512-RETAIL_US-06,2025-12-28,2025-12,RETAIL_US,QuickBooks,301_Owners_Equity,Shareholder Equity & Retained Earnings,USD,0.00,45000.00,-45000.00,Accumulated Depreciation / Reserve Allocation
GL-0001438,BAT-202512-RETAIL_US-07,2025-12-28,2025-12,RETAIL_US,QuickBooks,701_Interest_Expense,Revolver & Term Interest Expense,USD,84666.67,0.00,84666.67,Senior Facility Monthly Interest Charge
GL-0001439,BAT-202512-RETAIL_US-07,2025-12-28,2025-12,RETAIL_US,QuickBooks,270_Note_Payable,Asset-Based Term Loan Principal,USD,100000.00,0.00,100000.00,Senior Debt Principal Amortization
GL-0001440,BAT-202512-RETAIL_US-07,2025-12-28,2025-12,RETAIL_US,QuickBooks,101_Operating_Checking,Chase Commercial Operating Account,USD,0.00,184666.67,-184666.67,Cash Wire for Scheduled Debt Service
